date,symbol,open,close,low,high,volume
30/12/2016,DNB,121.849998,121.32,120.629997,121.849998,99600
30/12/2016,MTD,421.980011,418.559998,417.029999,423.589996,124200
30/12/2016,SNA,172.460007,171.270004,170.720001,172.899994,194700
30/12/2016,AZO,800.349976,789.789978,787.190002,800.5,246400
30/12/2016,TDG,250.350006,248.960007,247.5,250.350006,249400
30/12/2016,ISRG,638.320007,634.169983,632.25,638.390015,267300
30/12/2016,AIZ,93.129997,92.860001,92.470001,93.400002,287800
30/12/2016,TMK,73.949997,73.760002,73.510002,73.949997,289600
30/12/2016,LLL,152.970001,152.110001,151.669998,153.020004,317100
30/12/2016,GWW,234.729996,232.25,231.449997,234.729996,319800
30/12/2016,ADS,229.830002,228.5,227.389999,230.460007,338700
30/12/2016,PKI,52.419998,52.150002,51.950001,52.48,355800
30/12/2016,FFIV,144.960007,144.720001,144.089996,145.5,366600
30/12/2016,ROP,184.089996,183.080002,182.029999,184.139999,372300
30/12/2016,AYI,233.690002,230.860001,229.940002,234.119995,388000
30/12/2016,FLIR,36.450001,36.189999,36.09,36.529999,392600
30/12/2016,ULTA,258.160004,254.940002,253.619995,258.160004,399200
30/12/2016,PCLN,1483.48999,1466.060059,1462.339966,1483.48999,405100
30/12/2016,R,75.650002,74.440002,74.169998,75.699997,409700
30/12/2016,COO,176.289993,174.929993,174.380005,176.350006,419200
30/12/2016,MLM,226.339996,221.529999,220.779999,226.610001,420700
30/12/2016,PNW,78.260002,78.029999,77.769997,78.510002,432300
30/12/2016,ROK,135.539993,134.399994,133.610001,135.539993,435900
30/12/2016,FRT,139.970001,142.110001,139.740005,142.809998,440000
30/12/2016,MHK,203.160004,199.679993,198.449997,203.160004,440300
30/12/2016,ESS,229.169998,232.5,228.279999,234.070007,441600
30/12/2016,ALB,87.339996,86.080002,85.599998,87.739998,449600
30/12/2016,HAR,111.080002,111.160004,110.989998,111.309998,456200
30/12/2016,WHR,183.800003,181.770004,180.869995,184.289993,458200
30/12/2016,WAT,135.240005,134.389999,133.710007,135.300003,464200
30/12/2016,XEC,136.520004,135.899994,135.309998,137.559998,466100
30/12/2016,WLTW,122.589996,122.279999,121.389999,123.559998,466400
30/12/2016,CINF,75.870003,75.75,75.519997,75.989998,471600
30/12/2016,BCR,224.210007,224.660004,223.020004,226.270004,481600
30/12/2016,AAP,171.320007,169.119995,168.600006,172,489300
30/12/2016,FLS,48.27,48.049999,47.799999,48.380001,497400
30/12/2016,MSI,83.169998,82.889999,82.57,83.339996,500500
30/12/2016,EQIX,358.149994,357.410004,353.480011,358.339996,500500
30/12/2016,ALLE,65.040001,64,63.709999,65.199997,501800
30/12/2016,IFF,118.860001,117.830002,117.529999,119.300003,504500
30/12/2016,BLK,381.559998,380.540009,378.640015,382.350006,513700
30/12/2016,MCO,94.639999,94.269997,93.849998,94.690002,517400
30/12/2016,TIF,77.709999,77.43,77.07,78.239998,517800
30/12/2016,HRS,103.559998,102.470001,102.089996,103.559998,521000
30/12/2016,DOV,75.209999,74.93,74.529999,75.379997,522800
30/12/2016,AN,48.740002,48.650002,48.299999,48.950001,524500
30/12/2016,WYN,76.849998,76.370003,76.18,76.970001,524600
30/12/2016,VRSK,81.989998,81.169998,80.959999,81.989998,524700
30/12/2016,SCG,73.760002,73.279999,72.970001,73.760002,530200
30/12/2016,IDXX,118.610001,117.269997,117.150002,118.940002,535100
30/12/2016,VRSN,76.25,76.07,75.709999,76.349998,545500
30/12/2016,NDAQ,67.300003,67.120003,66.970001,67.440002,548700
30/12/2016,NWS,12.15,11.8,11.75,12.15,549600
30/12/2016,VAR,90.660004,89.779999,89.449997,90.68,554100
30/12/2016,EMN,75.760002,75.209999,74.919998,75.860001,556800
30/12/2016,TSCO,76.260002,75.809998,75.360001,76.769997,570200
30/12/2016,DTE,99.040001,98.510002,98.169998,99.290001,571300
30/12/2016,ORLY,282.589996,278.410004,277.369995,283.369995,571700
30/12/2016,MKC,93.540001,93.330002,93.050003,93.709999,572200
30/12/2016,UHS,106.410004,106.379997,105.730003,107.059998,576800
30/12/2016,SHW,272.429993,268.73999,268.049988,272.429993,581200
30/12/2016,AVY,70.940002,70.220001,70.019997,71.230003,585400
30/12/2016,SJM,129.440002,128.059998,127.419998,129.440002,586600
30/12/2016,LEG,49.779999,48.880001,48.740002,49.779999,592900
30/12/2016,PH,140.449997,140,139.490005,141.149994,593400
30/12/2016,SWK,115.720001,114.690002,114.269997,115.900002,594300
30/12/2016,FMC,56.950001,56.560001,56.349998,57.299999,595400
30/12/2016,RHI,49.110001,48.779999,48.540001,49.110001,603500
30/12/2016,LH,128.309998,128.380005,127.330002,128.639999,608300
30/12/2016,GPC,96.669998,95.540001,94.879997,96.940002,608900
30/12/2016,REGN,375.299988,367.089996,364.920013,375.299988,612900
30/12/2016,AON,111.769997,111.529999,111.059998,111.959999,634300
30/12/2016,JEC,57.389999,57,56.799999,57.43,634500
30/12/2016,XYL,49.98,49.52,49.360001,50,646200
30/12/2016,AMG,144.940002,145.300003,144.369995,146.210007,669800
30/12/2016,EXPD,53.25,52.959999,52.84,53.740002,670700
30/12/2016,CTXS,90.400002,89.309998,89.029999,90.639999,673600
30/12/2016,SNI,72.239998,71.370003,70.75,72.290001,677900
30/12/2016,FLR,52.639999,52.52,52.349998,53.02,684800
30/12/2016,RSG,57.32,57.049999,56.91,57.48,693000
30/12/2016,CTAS,116.580002,115.559998,115.410004,116.900002,698000
30/12/2016,SRCL,77.129997,77.040001,76.779999,77.839996,703300
30/12/2016,FTV,54.200001,53.630001,53.389999,54.48,705100
30/12/2016,HSIC,153.350006,151.710007,151.389999,153.350006,709500
30/12/2016,CLX,121.099998,120.019997,119.68,121.239998,710700
30/12/2016,ECL,118.050003,117.220001,116.919998,118.269997,715200
30/12/2016,VMC,127.730003,125.150002,124.769997,128.369995,716100
30/12/2016,DVA,64.18,64.199997,63.759998,64.360001,724000
30/12/2016,APD,144.529999,143.820007,143.229996,144.820007,725900
30/12/2016,HSY,103.580002,103.43,102.510002,103.849998,732900
30/12/2016,DPS,91.139999,90.669998,90.370003,91.139999,736600
30/12/2016,DGX,91.870003,91.900002,91.5,92.370003,737700
30/12/2016,GRMN,49.130001,48.490002,48.400002,49.32,739200
30/12/2016,MJN,70.839996,70.760002,70.25,71.089996,740100
30/12/2016,NOC,232.880005,232.580002,231.710007,233.339996,740900
30/12/2016,PVH,90.769997,90.239998,89.559998,91.300003,742400
30/12/2016,AVB,175.259995,177.149994,174.889999,177.770004,756300
30/12/2016,NTRS,89.07,89.050003,88.389999,89.25,770300
30/12/2016,LNT,38.209999,37.889999,37.759998,38.34,771700
30/12/2016,AWK,72.660004,72.360001,72.029999,72.889999,775400
30/12/2016,PXD,181.699997,180.070007,179.300003,182.279999,782400
30/12/2016,KLAC,79.290001,78.68,78.120003,79.540001,784000
30/12/2016,EFX,118.599998,118.230003,117.779999,118.650002,787100
30/12/2016,BXP,123.82,125.779999,123.510002,126.480003,792500
30/12/2016,AMP,110.620003,110.940002,110.230003,111.599998,798100
30/12/2016,ILMN,129.179993,128.039993,127.279999,129.520004,799600
30/12/2016,MAC,69.18,70.839996,69.150002,70.900002,799700
30/12/2016,PFG,57.970001,57.860001,57.619999,58.200001,801300
30/12/2016,JBHT,97.779999,97.07,96.68,97.949997,805000
30/12/2016,WRK,51.84,50.77,50.529999,51.84,811200
30/12/2016,BLL,76.089996,75.07,74.809998,76.089996,819200
30/12/2016,SLG,105.019997,107.550003,104.760002,107.629997,820200
30/12/2016,TSS,49.330002,49.029999,48.650002,49.439999,829900
30/12/2016,ITW,122.980003,122.459999,121.849998,122.980003,830400
30/12/2016,MTB,156.350006,156.429993,155.360001,156.830002,835100
30/12/2016,FISV,107.639999,106.279999,105.959999,107.919998,835100
30/12/2016,HP,78.209999,77.400002,77.089996,78.889999,840200
30/12/2016,COL,93.739998,92.760002,92.260002,93.739998,845400
30/12/2016,MAA,96.769997,97.919998,96.099998,98.349998,847500
30/12/2016,LNC,66.550003,66.269997,66.010002,66.720001,854100
30/12/2016,APH,67.879997,67.199997,66.970001,67.879997,876700
30/12/2016,CSRA,32,31.84,31.74,32.040001,884300
30/12/2016,EXR,75.669998,77.239998,75.110001,77.300003,884400
30/12/2016,PSA,220.199997,223.5,219.380005,223.820007,885800
30/12/2016,PNR,56.790001,56.07,55.759998,56.790001,887000
30/12/2016,CMG,376.519989,377.320007,375.160004,382.48999,888100
30/12/2016,LRCX,107.889999,105.730003,105.300003,109.970001,897900
30/12/2016,CME,116.07,115.349998,114.900002,116.480003,898300
30/12/2016,BDX,166.960007,165.550003,165.029999,166.960007,900400
30/12/2016,PRGO,82.620003,83.230003,82.43,83.739998,910500
30/12/2016,VNO,102.900002,104.370003,102.410004,104.650002,926400
30/12/2016,L,47.099998,46.830002,46.740002,47.099998,930300
30/12/2016,ALK,88.739998,88.730003,88.019997,89.139999,931000
30/12/2016,RL,90.75,90.32,90.07,91.470001,932400
30/12/2016,PDCO,41.259998,41.029999,40.919998,41.459999,932500
30/12/2016,KSU,84.309998,84.849998,83.889999,85.260002,937300
30/12/2016,SRE,100.949997,100.639999,100.349998,101.269997,939800
30/12/2016,GPN,69.900002,69.410004,68.980003,69.93,941100
30/12/2016,XRAY,58.290001,57.73,57.540001,58.360001,949200
30/12/2016,AEE,52.490002,52.459999,52.25,52.880001,950700
30/12/2016,HOG,58.400002,58.34,57.970001,58.459999,958800
30/12/2016,URBN,28.76,28.48,28.299999,29.219999,959000
30/12/2016,XL,37.360001,37.259998,37.060001,37.419998,959200
30/12/2016,AKAM,67.25,66.68,66.349998,67.550003,966400
30/12/2016,ETR,73.650002,73.470001,73.18,73.739998,970700
30/12/2016,ZBH,103.309998,103.199997,102.849998,103.93,973800
30/12/2016,SIG,93.910004,94.260002,93.540001,94.989998,979500
30/12/2016,PX,117.230003,117.190002,116.440002,117.400002,984800
30/12/2016,SPGI,108.410004,107.540001,107.209999,108.790001,986200
30/12/2016,SYK,120.660004,119.809998,119.349998,120.860001,988100
30/12/2016,CHRW,74.019997,73.260002,73.010002,74.129997,989100
30/12/2016,DISCK,27.030001,26.780001,26.6,27.09,997500
30/12/2016,TAP,98.309998,97.309998,96.989998,98.379997,999300
30/12/2016,MCHP,65.050003,64.150002,63.810001,65.050003,1006400
30/12/2016,TRV,122.790001,122.419998,122.050003,122.839996,1011000
30/12/2016,CMA,68.300003,68.110001,67.739998,68.419998,1031900
30/12/2016,K,74,73.709999,73.419998,74.160004,1039200
30/12/2016,CXO,134.220001,132.600006,131.929993,135.369995,1040000
30/12/2016,AME,48.709999,48.599998,48.209999,48.830002,1045600
30/12/2016,HAS,78.199997,77.790001,77.43,78.639999,1049600
30/12/2016,FL,70.970001,70.889999,70.559998,71.510002,1050500
30/12/2016,UNM,44.060001,43.93,43.73,44.110001,1054000
30/12/2016,LMT,250.529999,249.940002,248.779999,251.320007,1058100
30/12/2016,TMO,142.160004,141.100006,140.449997,142.339996,1063200
30/12/2016,TXT,48.68,48.560001,48.080002,48.759998,1066200
30/12/2016,MNK,49.450001,49.82,49.240002,50.400002,1070400
30/12/2016,RCL,83.239998,82.040001,81.589996,83.5,1074000
30/12/2016,LLTC,62.610001,62.349998,62.259998,62.68,1082700
30/12/2016,ANTM,144.880005,143.770004,143.110001,145.5,1085700
30/12/2016,FBHS,54.34,53.459999,53.240002,54.34,1087800
30/12/2016,RTN,142.600006,142,141.600006,142.630005,1102500
30/12/2016,ED,74.080002,73.68,73.410004,74.300003,1139000
30/12/2016,LKQ,30.99,30.65,30.540001,31.24,1142900
30/12/2016,STZ,153.679993,153.309998,152.880005,154.119995,1145200
30/12/2016,TEL,70.269997,69.279999,69,70.519997,1145800
30/12/2016,URI,107.099998,105.580002,104.699997,107.550003,1168500
30/12/2016,GD,173.75,172.660004,171.649994,174.270004,1192200
30/12/2016,AFL,70.019997,69.599998,69.43,70.139999,1193900
30/12/2016,MCK,141.470001,140.449997,140.100006,142.259995,1194700
30/12/2016,CI,135.570007,133.389999,133.110001,135.889999,1199600
30/12/2016,CMI,136.610001,136.669998,136.130005,137.600006,1200700
30/12/2016,CPB,60.93,60.470001,60.330002,61.09,1204500
30/12/2016,EVHC,64.160004,63.290001,63.07,64.650002,1213700
30/12/2016,TDC,27.299999,27.17,27.08,27.299999,1215200
30/12/2016,A,45.759998,45.560001,45.380001,45.82,1216100
30/12/2016,AJG,51.959999,51.959999,51.630001,52.16,1219500
30/12/2016,WEC,58.98,58.650002,58.419998,59.119999,1221800
30/12/2016,QRVO,53.75,52.73,52.049999,53.808998,1222100
30/12/2016,WM,71.269997,70.910004,70.75,71.5,1230600
30/12/2016,EL,77.309998,76.489998,76.279999,77.470001,1233000
30/12/2016,PPG,95.43,94.760002,94.459999,95.5,1240800
30/12/2016,EQT,65.699997,65.400002,65.050003,66.470001,1242100
30/12/2016,CNC,56.830002,56.509998,55.889999,56.889999,1246700
30/12/2016,ETN,67.739998,67.089996,66.800003,67.860001,1261800
30/12/2016,OKE,58.009998,57.41,57.16,58.240002,1271200
30/12/2016,STT,77.690002,77.720001,77.459999,78.220001,1279400
30/12/2016,DLR,98.150002,98.260002,97.400002,98.790001,1299600
30/12/2016,MON,105.5,105.209999,104.889999,105.5,1302200
30/12/2016,CBG,31.139999,31.49,31.040001,31.51,1305400
30/12/2016,NLSN,42.27,41.950001,41.799999,42.34,1307600
30/12/2016,TROW,75.949997,75.260002,74.93,76.080002,1309800
30/12/2016,HIG,47.84,47.650002,47.52,47.84,1310000
30/12/2016,SEE,45.68,45.34,45.07,45.689999,1310100
30/12/2016,FDX,187.800003,186.199997,185.679993,187.960007,1314300
30/12/2016,BIIB,287.790009,283.579987,282.640015,288.559998,1315200
30/12/2016,DLPH,67.809998,67.349998,66.769997,68.110001,1321900
30/12/2016,BWA,39.720001,39.439999,39.080002,39.759998,1324000
30/12/2016,CHTR,292.160004,287.920013,285.049988,292.98999,1327600
30/12/2016,HUM,202.919998,204.029999,202.059998,205,1336500
30/12/2016,CB,132.660004,132.119995,131.789993,132.990005,1341500
30/12/2016,VRTX,74.669998,73.669998,73.230003,74.989998,1344100
30/12/2016,PSX,86.650002,86.410004,86.010002,87.050003,1366300
30/12/2016,LUK,23.18,23.25,23.120001,23.27,1368000
30/12/2016,AIV,44.73,45.450001,44.41,45.59,1380900
30/12/2016,TSO,88.559998,87.449997,87.089996,88.910004,1383600
30/12/2016,ABC,79.349998,78.190002,77.959999,79.489998,1387500
30/12/2016,MMC,67.919998,67.589996,67.389999,67.93,1397100
30/12/2016,EW,93.889999,93.699997,93.349998,94.580002,1397500
30/12/2016,KMB,114.889999,114.120003,113.800003,115.150002,1404300
30/12/2016,NEE,120.209999,119.459999,119.099998,120.75,1424000
30/12/2016,IR,75.849998,75.040001,74.760002,75.849998,1425000
30/12/2016,ALXN,123.620003,122.349998,121.809998,124.230003,1427900
30/12/2016,LB,66.260002,65.839996,65.339996,66.510002,1431800
30/12/2016,INTU,115.330002,114.610001,113.540001,115.760002,1442800
30/12/2016,ES,55.599998,55.23,55.07,55.740002,1446800
30/12/2016,DRI,73.57,72.720001,72.029999,73.739998,1453100
30/12/2016,KORS,42.779999,42.98,42.669998,43.200001,1454800
30/12/2016,PRU,104.529999,104.059998,103.580002,104.730003,1459700
30/12/2016,FAST,47.490002,46.98,46.66,47.650002,1471800
30/12/2016,COST,160.889999,160.110001,159.669998,160.990005,1472300
30/12/2016,TGNA,21.620001,21.389999,21.190001,21.620001,1472500
30/12/2016,NSC,108.849998,108.07,107.5,108.989998,1487300
30/12/2016,HRB,23.24,22.99,22.9,23.24,1514800
30/12/2016,TRIP,47,46.369999,46.16,47.27,1518900
30/12/2016,PBI,15.35,15.19,15.13,15.4,1521000
30/12/2016,ADSK,75.400002,74.010002,73.599998,75.419998,1529600
30/12/2016,EQR,63.59,64.360001,63.189999,64.440002,1534000
30/12/2016,JWN,48.439999,47.93,47.75,48.77,1536800
30/12/2016,MAS,32.080002,31.620001,31.51,32.080002,1546100
30/12/2016,NAVI,16.41,16.43,16.25,16.540001,1553000
30/12/2016,PGR,35.599998,35.5,35.400002,35.619999,1561400
30/12/2016,DG,74.099998,74.07,73.669998,74.440002,1570200
30/12/2016,DISCA,27.68,27.41,27.25,27.75,1573100
30/12/2016,PAYX,61.259998,60.880001,60.439999,61.259998,1574600
30/12/2016,ETFC,34.75,34.650002,34.450001,34.860001,1587400
30/12/2016,AET,124.559998,124.010002,123.169998,124.739998,1588100
30/12/2016,MMM,179,178.570007,178.289993,179.479996,1592500
30/12/2016,FIS,77,75.639999,75.400002,77.139999,1606200
30/12/2016,CAH,72.330002,71.970001,71.720001,72.610001,1613100
30/12/2016,RHT,69.800003,69.699997,68.949997,70.190002,1620200
30/12/2016,CCI,87.129997,86.769997,86.400002,87.139999,1621700
30/12/2016,PNC,116.209999,116.959999,115.919998,117.160004,1624900
30/12/2016,AMT,106.459999,105.68,105.410004,106.690002,1628100
30/12/2016,BEN,39.66,39.580002,39.32,40.369999,1634900
30/12/2016,DLTR,77.57,77.18,76.419998,77.720001,1654300
30/12/2016,HOLX,40.209999,40.119999,39.84,40.290001,1661100
30/12/2016,AEP,63.32,62.959999,62.720001,63.419998,1677000
30/12/2016,PCG,61.119999,60.77,60.549999,61.23,1678300
30/12/2016,LVLT,56.919998,56.360001,56.18,57.139999,1679200
30/12/2016,CMS,41.759998,41.619999,41.48,41.98,1680700
30/12/2016,UDR,35.759998,36.48,35.619999,36.509998,1685400
30/12/2016,MUR,31.469999,31.129999,31.01,31.879999,1685500
30/12/2016,HCN,65.910004,66.93,65.629997,67.07,1688200
30/12/2016,PWR,34.740002,34.849998,34.580002,35.189999,1695800
30/12/2016,JNPR,28.450001,28.26,28.110001,28.450001,1699100
30/12/2016,ZTS,53.639999,53.529999,53.27,53.740002,1701200
30/12/2016,UAL,73.43,72.879997,72.370003,73.43,1704600
30/12/2016,ALL,74.540001,74.120003,73.93,74.559998,1705500
30/12/2016,HCA,73.849998,74.019997,72.860001,74.260002,1709600
30/12/2016,UPS,115.239998,114.639999,114.360001,115.43,1718200
30/12/2016,VTR,61.869999,62.52,61.77,62.689999,1727200
30/12/2016,GOOGL,803.210022,792.450012,789.619995,803.289978,1728300
30/12/2016,OMC,85.639999,85.110001,84.400002,85.790001,1736900
30/12/2016,CA,32.18,31.77,31.68,32.43,1737100
30/12/2016,ACN,117.559998,117.129997,116.589996,117.949997,1739500
30/12/2016,ADI,73.800003,72.620003,72.389999,74.019997,1758500
30/12/2016,GOOG,782.75,771.820007,770.409973,782.780029,1760200
30/12/2016,NI,22.26,22.139999,22.08,22.309999,1764500
30/12/2016,CERN,48,47.369999,47.209999,48.25,1780200
30/12/2016,TSN,62.18,61.68,61.34,62.189999,1792600
30/12/2016,DE,103.010002,103.040001,102.779999,103.480003,1793900
30/12/2016,EA,80.559998,78.760002,78.519997,80.559998,1800100
30/12/2016,KMX,64.199997,64.389999,63.52,64.580002,1811000
30/12/2016,DFS,71.989998,72.089996,71.480003,72.470001,1817900
30/12/2016,LYB,86.290001,85.779999,85.139999,86.290001,1822200
30/12/2016,ICE,56.700001,56.419998,56.240002,56.900002,1837800
30/12/2016,SWKS,76.830002,74.660004,74.32,76.830002,1844400
30/12/2016,BHI,64.639999,64.970001,64.589996,65.360001,1872700
30/12/2016,YUM,63.93,63.330002,63.16,63.939999,1887100
30/12/2016,XEL,41,40.700001,40.560001,41.07,1887600
30/12/2016,WYNN,87.099998,86.510002,85.57,87.449997,1888500
30/12/2016,HRL,35.240002,34.810001,34.669998,35.299999,1893600
30/12/2016,BBBY,40.950001,40.639999,40.439999,41.419998,1923800
30/12/2016,GT,31.23,30.870001,30.610001,31.370001,1929400
30/12/2016,GIS,62.369999,61.77,61.580002,62.470001,1937700
30/12/2016,ZION,43.07,43.040001,42.689999,43.310001,1938100
30/12/2016,EMR,56.189999,55.75,55.560001,56.360001,1940900
30/12/2016,NWSA,11.67,11.46,11.42,11.69,1944200
30/12/2016,EIX,72.349998,71.989998,71.779999,72.620003,1960400
30/12/2016,HES,62.900002,62.290001,62.07,63.279999,1968300
30/12/2016,PLD,52.299999,52.790001,51.509998,53.029999,1969600
30/12/2016,IRM,32.450001,32.48,32.279999,32.790001,1979200
30/12/2016,IPG,23.66,23.41,23.200001,23.66,1989300
30/12/2016,PEG,44.119999,43.880001,43.73,44.189999,2000200
30/12/2016,ADP,103.379997,102.779999,102,103.440002,2008400
30/12/2016,DHR,78.559998,77.839996,77.660004,78.559998,2014500
30/12/2016,IP,53.439999,53.060001,52.669998,53.5,2018100
30/12/2016,O,56.66,57.48,56.490002,57.810001,2024000
30/12/2016,BA,156.490005,155.679993,154.960007,156.789993,2027700
30/12/2016,KSS,50.02,49.380001,49.119999,50.41,2028400
30/12/2016,CNP,24.799999,24.639999,24.59,24.83,2036500
30/12/2016,COH,35.07,35.02,34.880001,35.299999,2039000
30/12/2016,FTI,35.599998,35.529999,35.389999,35.91,2039400
30/12/2016,NWL,45.43,44.650002,44.5,45.43,2047000
30/12/2016,KHC,88.019997,87.32,87.07,88.160004,2051400
30/12/2016,FSLR,32.599998,32.09,31.940001,32.790001,2074300
30/12/2016,ADBE,104.07,102.949997,102.470001,104.220001,2079100
30/12/2016,EXPE,113.839996,113.279999,112.720001,114.239998,2082700
30/12/2016,NTAP,35.84,35.27,35.139999,35.959999,2088700
30/12/2016,XLNX,61.09,60.369999,60.02,61.48,2111700
30/12/2016,PCAR,64.540001,63.900002,63.77,64.959999,2122900
30/12/2016,SE,41.310001,41.09,40.970001,41.369999,2168000
30/12/2016,IVZ,30.33,30.34,30.190001,30.459999,2170400
30/12/2016,EOG,101.150002,101.099998,100.730003,102.18,2178200
30/12/2016,UTX,110.589996,109.620003,109.379997,110.790001,2198600
30/12/2016,NUE,61.049999,59.52,59.389999,61.25,2203400
30/12/2016,BAX,44.439999,44.34,44.220001,44.75,2206500
30/12/2016,NBL,38.18,38.060001,37.889999,38.700001,2221100
30/12/2016,APA,63.869999,63.470001,63.27,64.199997,2238300
30/12/2016,SPG,176.610001,177.669998,175.610001,178.800003,2285100
30/12/2016,HON,116.199997,115.849998,115.419998,116.199997,2285400
30/12/2016,TJX,75.940002,75.129997,74.959999,76.260002,2316700
30/12/2016,SYY,55.919998,55.369999,55.209999,56.060001,2318500
30/12/2016,CCL,52.25,52.060001,51.700001,52.369999,2320000
30/12/2016,GS,238.509995,239.449997,237.399994,240.5,2342200
30/12/2016,LEN,42.970001,42.93,42.59,43.049999,2368000
30/12/2016,STI,54.889999,54.849998,54.48,55,2388800
30/12/2016,CHD,44.900002,44.189999,44,45.049999,2395600
30/12/2016,MAR,83.480003,82.68,82.540001,83.610001,2403000
30/12/2016,VFC,53.619999,53.349998,53.220001,53.869999,2412300
30/12/2016,COF,87.080002,87.239998,86.279999,87.589996,2424800
30/12/2016,APC,70.07,69.730003,69.510002,70.790001,2441500
30/12/2016,D,77.040001,76.589996,76.389999,77.129997,2459600
30/12/2016,DUK,78.050003,77.620003,77.349998,78.239998,2462400
30/12/2016,MAT,27.74,27.549999,27.440001,27.76,2503900
30/12/2016,ADM,45.419998,45.650002,45.029999,45.689999,2509000
30/12/2016,MNST,45.099998,44.34,44.110001,45.189999,2514900
30/12/2016,CAG,39.849998,39.549999,39.48,39.849998,2521300
30/12/2016,FE,31.17,30.969999,30.889999,31.290001,2523200
30/12/2016,DD,73.910004,73.400002,72.75,74,2532400
30/12/2016,WU,21.84,21.719999,21.6,21.9,2538900
30/12/2016,NOV,37.919998,37.439999,37.32,38.330002,2540500
30/12/2016,AVGO,180.369995,176.770004,176.020004,180.899994,2542100
30/12/2016,VIAB,35.400002,35.099998,35,35.73,2542200
30/12/2016,VLO,68.559998,68.32,68.120003,69.169998,2552900
30/12/2016,TWX,96.980003,96.529999,96.019997,97.099998,2624700
30/12/2016,OXY,71.510002,71.230003,71.019997,71.849998,2635700
30/12/2016,WFM,31.059999,30.76,30.67,31.299999,2707500
30/12/2016,PPL,34.310001,34.049999,33.950001,34.360001,2751700
30/12/2016,ESRX,69.389999,68.790001,68.519997,69.57,2752900
30/12/2016,ROST,66.690002,65.599998,65.489998,66.959999,2776900
30/12/2016,WDC,68.550003,67.949997,67.610001,69.400002,2824100
30/12/2016,WY,30.450001,30.09,29.950001,30.450001,2825300
30/12/2016,UNH,161.369995,160.039993,159.850006,161.479996,2845500
30/12/2016,DVN,45.950001,45.669998,45.509998,46.66,2864100
30/12/2016,MOS,29.389999,29.33,29.1,29.790001,2879900
30/12/2016,FOX,27.5,27.25,27.08,27.52,2885000
30/12/2016,PBCT,19.4,19.360001,19.27,19.48,2896000
30/12/2016,PHM,18.540001,18.379999,18.309999,18.620001,2896700
30/12/2016,STX,38.18,38.169998,37.990002,38.66,2897500
30/12/2016,UNP,104.18,103.68,103.25,104.839996,2913800
30/12/2016,CTSH,56.23,56.029999,55.790001,56.509998,2921100
30/12/2016,LLY,73.470001,73.550003,73.230003,73.75,2933900
30/12/2016,IBM,166.440002,165.990005,165.5,166.699997,2952800
30/12/2016,RRC,34.259998,34.360001,34.09,34.810001,2957200
30/12/2016,CELG,117.199997,115.75,115.120003,117.550003,2980000
30/12/2016,TGT,72.709999,72.230003,71.879997,72.93,3069200
30/12/2016,DHI,27.610001,27.33,27.219999,27.719999,3136200
30/12/2016,HBI,21.65,21.57,21.450001,21.719999,3145400
30/12/2016,AMGN,147.630005,146.210007,145.619995,148.75,3193100
30/12/2016,AES,11.73,11.62,11.59,11.79,3245200
30/12/2016,LUV,50.189999,49.84,49.529999,50.369999,3257200
30/12/2016,NFX,41.200001,40.5,40,41.419998,3267900
30/12/2016,PM,91.790001,91.489998,91.300003,92.150002,3309000
30/12/2016,RAI,56.259998,56.040001,55.950001,56.369999,3329700
30/12/2016,WBA,83.459999,82.760002,82.419998,83.620003,3343200
30/12/2016,AXP,73.959999,74.080002,73.839996,74.339996,3378800
30/12/2016,CFG,35.34,35.630001,35.150002,35.669998,3394300
30/12/2016,NRG,12.45,12.26,12.22,12.46,3448500
30/12/2016,SYF,36.130001,36.27,36.080002,36.459999,3452600
30/12/2016,PEP,104.709999,104.629997,104.330002,105.150002,3466400
30/12/2016,BBT,46.950001,47.02,46.720001,47.130001,3467500
30/12/2016,CAT,93.040001,92.739998,92.330002,93.25,3471200
30/12/2016,MPC,50.439999,50.349998,50,50.610001,3477200
30/12/2016,SO,49.439999,49.189999,49.029999,49.549999,3484300
30/12/2016,EXC,35.75,35.490002,35.369999,35.810001,3486700
30/12/2016,CL,65.839996,65.440002,65.279999,66.07,3491300
30/12/2016,MCD,122.790001,121.720001,121.440002,123.160004,3552800
30/12/2016,BK,47.43,47.380001,47.23,47.619999,3604700
30/12/2016,COTY,18.5,18.309999,18.219999,18.52,3631500
30/12/2016,UAA,29.16,29.049999,29,29.35,3709800
30/12/2016,BBY,43.310001,42.669998,42.34,43.650002,3712500
30/12/2016,SYMC,24.23,23.889999,23.82,24.370001,3746200
30/12/2016,M,36.360001,35.810001,35.610001,36.5,3780400
30/12/2016,CBS,64.550003,63.619999,63.240002,64.709999,3811600
30/12/2016,MA,103.860001,103.25,102.980003,104.059998,3834700
30/12/2016,LOW,71.629997,71.120003,70.779999,72.080002,3877700
30/12/2016,KR,34.630001,34.509998,34.41,34.830002,3897000
30/12/2016,AGN,207.600006,210.009995,207.509995,212.449997,3968000
30/12/2016,WMB,30.940001,31.139999,30.889999,31.65,3980300
30/12/2016,HCP,29.48,29.719999,29.33,29.84,3985100
30/12/2016,AMZN,766.469971,749.869995,748.280029,767.400024,4125300
30/12/2016,HD,135.639999,134.080002,133.830002,135.820007,4146100
30/12/2016,SLB,84.300003,83.949997,83.660004,84.5,4149700
30/12/2016,CF,31.809999,31.48,31.08,32.16,4181300
30/12/2016,MET,53.919998,53.889999,53.740002,54.119999,4188500
30/12/2016,AIG,65.400002,65.309998,65.120003,65.720001,4218700
30/12/2016,BSX,21.77,21.629999,21.559999,21.809999,4270800
30/12/2016,TXN,74.43,72.970001,72.769997,74.459999,4311800
30/12/2016,CVS,78.959999,78.910004,78.459999,79.309998,4326100
30/12/2016,ENDP,15.75,16.469999,15.75,16.57,4349500
30/12/2016,GLW,24.51,24.27,24.200001,24.58,4421000
30/12/2016,NFLX,126.239998,123.800003,123.599998,126.57,4426500
30/12/2016,AAL,47.419998,46.689999,46.470001,47.66,4495000
30/12/2016,CRM,69.360001,68.459999,68.230003,69.379997,4518500
30/12/2016,DAL,49.34,49.189999,48.869999,49.560001,4526400
30/12/2016,HAL,54.029999,54.09,53.610001,54.360001,4638300
30/12/2016,SCHW,39.709999,39.470001,39.299999,39.799999,4682200
30/12/2016,GPS,22.43,22.440001,22.25,22.77,4763100
30/12/2016,COP,50.41,50.139999,49.93,50.84,4806300
30/12/2016,JCI,41.799999,41.189999,40.990002,42,4865000
30/12/2016,FITB,26.83,26.969999,26.629999,27.08,4900800
30/12/2016,DOW,57.560001,57.220001,56.91,57.580002,4925300
30/12/2016,PYPL,39.959999,39.470001,39.34,40.07,5007500
30/12/2016,CVX,117.440002,117.699997,117.309998,118.239998,5020500
30/12/2016,SPLS,9.19,9.05,8.97,9.22,5046100
30/12/2016,ARNC,18.780001,18.540001,18.469999,19.08,5054000
30/12/2016,ATVI,36.529999,36.110001,35.950001,36.560001,5090500
30/12/2016,USB,51.5,51.369999,51.209999,51.610001,5184600
30/12/2016,KIM,24.799999,25.16,24.76,25.360001,5305900
30/12/2016,MO,67.970001,67.620003,67.5,68.029999,5318600
30/12/2016,CSX,36.349998,35.93,35.790001,36.400002,5453300
30/12/2016,JNJ,115.800003,115.209999,114.980003,115.989998,5497200
30/12/2016,MDLZ,44.959999,44.330002,44.209999,44.970001,5595100
30/12/2016,MDT,71.790001,71.230003,71.080002,72,5630500
30/12/2016,AMAT,32.860001,32.27,32.18,32.91,5848300
30/12/2016,QCOM,66.25,65.199997,65.040001,66.349998,5909500
30/12/2016,ABBV,62.73,62.619999,62.41,62.93,5999200
30/12/2016,GGP,24.58,24.98,24.450001,25,6127900
30/12/2016,FOXA,28.290001,28.040001,27.92,28.370001,6161200
30/12/2016,PG,84.169998,84.080002,83.919998,84.449997,6209800
30/12/2016,MYL,37.98,38.150002,37.84,38.790001,6311000
30/12/2016,HPE,23.23,23.139999,23.030001,23.450001,6311800
30/12/2016,HST,18.74,18.84,18.58,18.950001,6377700
30/12/2016,YHOO,38.720001,38.669998,38.43,39,6431600
30/12/2016,RIG,14.77,14.74,14.65,14.98,6563800
30/12/2016,DIS,104.57,104.220001,103.959999,105,6629500
30/12/2016,V,78.43,78.019997,77.940002,78.540001,6709200
30/12/2016,WMT,69.120003,69.120003,68.830002,69.43,6872000
30/12/2016,CTL,24.02,23.780001,23.68,24.18,6939000
30/12/2016,BMY,58.860001,58.439999,58.209999,58.959999,7008900
30/12/2016,NKE,51.099998,50.830002,50.700001,51.330002,7345200
30/12/2016,SWN,10.7,10.82,10.66,10.99,7429700
30/12/2016,GM,35.209999,34.84,34.669998,35.310001,7644100
30/12/2016,MRO,17.57,17.309999,17.209999,17.82,7920500
30/12/2016,EBAY,30.379999,29.690001,29.57,30.379999,8189700
30/12/2016,SBUX,56.279999,55.52,55.400002,56.450001,8344500
30/12/2016,HBAN,13.09,13.22,13.05,13.24,8770200
30/12/2016,XOM,90.029999,90.260002,90.010002,90.699997,9117800
30/12/2016,HPQ,15,14.84,14.77,15.1,9152900
30/12/2016,GILD,72.029999,71.610001,71.300003,72.260002,9198400
30/12/2016,KEY,18.17,18.27,18.07,18.43,10231100
30/12/2016,ABT,38.330002,38.41,38.25,38.869999,10445600
30/12/2016,KMI,20.709999,20.709999,20.620001,20.82,10629300
30/12/2016,MRK,58.779999,58.869999,58.560001,58.950001,10753300
30/12/2016,ORCL,38.75,38.450001,38.34,38.860001,10820200
30/12/2016,NEM,35.41,34.07,34.07,36.09,11055400
30/12/2016,XRX,8.72,8.73,8.7,8.8,11250400
30/12/2016,KO,41.689999,41.459999,41.349998,41.84,11466600
30/12/2016,CMCSA,69.949997,69.050003,68.93,70.050003,12188400
30/12/2016,VZ,53.549999,53.380001,53.169998,53.639999,12440800
30/12/2016,COG,22.809999,23.360001,22.719999,23.5,12931100
30/12/2016,JPM,86.099998,86.290001,85.660004,86.419998,13617800
30/12/2016,WFC,54.889999,55.110001,54.790001,55.360001,15095500
30/12/2016,C,59.5,59.43,59.189999,59.799999,16588500
30/12/2016,T,42.759998,42.529999,42.450001,42.830002,16674000
30/12/2016,FCX,13.58,13.19,13.13,13.74,16733200
30/12/2016,INTC,36.790001,36.27,36.200001,36.799999,17468000
30/12/2016,RF,14.23,14.36,14.16,14.47,17939300
30/12/2016,FB,116.599998,115.050003,114.769997,116.830002,18600100
30/12/2016,PFE,32.34,32.48,32.310001,32.599998,18866600
30/12/2016,CSCO,30.559999,30.219999,30.129999,30.6,20190000
30/12/2016,MU,22.35,21.92,21.75,22.4,20250400
30/12/2016,FTR,3.38,3.38,3.35,3.42,20394600
30/12/2016,GE,31.629999,31.6,31.51,31.799999,25350900
30/12/2016,MSFT,62.959999,62.139999,62.029999,62.990002,25579900
30/12/2016,F,12.24,12.13,12.08,12.28,27405700
30/12/2016,NVDA,111.349998,106.739998,106.300003,111.919998,30246000
30/12/2016,AAPL,116.650002,115.82,115.43,117.199997,30586300
30/12/2016,CHK,7.15,7.02,7,7.21,45935800
30/12/2016,BAC,22.02,22.1,21.950001,22.26,72361100
29/12/2016,DNB,121.559998,121.739998,121.330002,122.349998,117700
29/12/2016,MTD,419.920013,420.320007,418.450012,422.140015,118000
29/12/2016,ISRG,634.570007,636.549988,634.570007,639,157600
29/12/2016,TDG,249.710007,249.820007,249.110001,251.479996,187000
29/12/2016,SNA,171.970001,172.149994,171.229996,173.110001,188900
29/12/2016,PCLN,1477.209961,1480.160034,1473.349976,1487.430054,200900
29/12/2016,AZO,795.630005,798.48999,795.630005,803.960022,204800
29/12/2016,MHK,201.710007,202.139999,201.179993,202.520004,210400
29/12/2016,WLTW,122.449997,122.169998,121.599998,123.07,216600
29/12/2016,TMK,73.910004,73.629997,73.410004,74.25,257600
29/12/2016,LLL,152.029999,152.970001,151.960007,153.190002,259600
29/12/2016,GWW,234.679993,233.539993,232.300003,234.889999,265100
29/12/2016,FLIR,36.23,36.360001,36.220001,36.5,273100
29/12/2016,R,75.360001,75.400002,75.110001,76.089996,280500
29/12/2016,CINF,75.839996,75.870003,75.769997,76.300003,303400
29/12/2016,COO,175.300003,175.490005,174.619995,177.339996,317300
29/12/2016,AYI,230,232.789993,229.330002,232.839996,321500
29/12/2016,ULTA,254.910004,257.339996,254.910004,258.209991,330500
29/12/2016,ALLE,64.870003,64.769997,64.43,65.160004,332200
29/12/2016,ESS,227.800003,229.520004,226.940002,230.690002,342700
29/12/2016,HSIC,152.350006,153.119995,151.869995,153.740005,342800
29/12/2016,LH,127.379997,128.169998,127.349998,128.389999,343400
29/12/2016,ALB,86.730003,87.07,86.309998,87.139999,344700
29/12/2016,WAT,134.360001,134.5,133.860001,134.979996,350300
29/12/2016,ROK,134.740005,134.850006,134.279999,135.490005,355000
29/12/2016,PKI,52.310001,52.18,52.099998,52.509998,356000
29/12/2016,SHW,270,271.130005,268.709991,271.76001,364600
29/12/2016,AVY,70.860001,70.620003,70.349998,71.57,365100
29/12/2016,XEC,136.080002,136.320007,135.100006,137,368400
29/12/2016,BCR,222.419998,224.130005,222.419998,224.869995,369400
29/12/2016,EQIX,353.420013,357.089996,351.890015,358.929993,372000
29/12/2016,GPC,96.400002,96.449997,95.93,96.800003,372200
29/12/2016,ROP,184.110001,183.130005,182.639999,185.330002,376300
29/12/2016,REGN,378.410004,373.720001,372.790009,379.470001,383900
29/12/2016,SJM,128.139999,129.149994,127.760002,129.309998,387200
29/12/2016,VRSK,81.519997,81.699997,81.519997,82.010002,389800
29/12/2016,PNW,77.300003,78.25,77.029999,78.379997,391300
29/12/2016,FFIV,144.389999,144.919998,144.020004,145.880005,398200
29/12/2016,SNI,71.879997,71.790001,71.540001,72.389999,398400
29/12/2016,ORLY,281.299988,281.640015,280.910004,282.459991,401500
29/12/2016,IFF,118.82,118.900002,118.650002,119.209999,413300
29/12/2016,MSI,82.849998,82.870003,82.540001,83.470001,414400
29/12/2016,ADS,229.679993,229.25,227.820007,231.190002,418200
29/12/2016,DOV,75.529999,75.190002,74.910004,75.940002,426300
29/12/2016,AIZ,92.900002,92.669998,92.550003,93.629997,427200
29/12/2016,PH,140.869995,140.259995,139.720001,141.550003,429300
29/12/2016,HRS,103.190002,103.110001,102.629997,103.5,429800
29/12/2016,IDXX,117.730003,118.080002,117.529999,118.68,430900
29/12/2016,AAP,170.080002,170.279999,169.460007,171.080002,431400
29/12/2016,HAR,110.93,111.059998,110.910004,111.25,433100
29/12/2016,MLM,226,224.839996,224.210007,227.550003,436700
29/12/2016,JEC,57.66,57.279999,57.080002,57.970001,445600
29/12/2016,AON,112.050003,111.419998,111.32,112.279999,445700
29/12/2016,ECL,117.949997,117.709999,117.480003,118.339996,450500
29/12/2016,WYN,76.830002,76.720001,76.470001,77,450900
29/12/2016,FMC,56.799999,56.759998,56.349998,57.279999,456400
29/12/2016,TXT,48.66,48.580002,48.349998,48.849998,456700
29/12/2016,AN,48.470001,48.68,48.25,49.150002,459100
29/12/2016,LEG,49.540001,49.599998,49.529999,49.790001,461500
29/12/2016,FLS,48.419998,48.049999,47.810001,48.68,464300
29/12/2016,VRSN,76.809998,75.980003,75.830002,77.459999,469700
29/12/2016,FRT,138.279999,140.050003,137.949997,140.289993,471600
29/12/2016,APD,144.449997,144.369995,144.169998,145.050003,479300
29/12/2016,FTV,53.990002,54.009998,53.59,54.139999,479500
29/12/2016,VAR,90.540001,90.239998,89.959999,91.160004,482100
29/12/2016,NDAQ,67.339996,67.010002,66.900002,67.470001,483700
29/12/2016,BLK,381.339996,379,378.920013,384.190002,484000
29/12/2016,HUM,205.330002,202.919998,202.740005,206,484300
29/12/2016,AMG,143.5,143.929993,143.039993,145.399994,495700
29/12/2016,BXP,122.870003,123.669998,121.470001,124.290001,497000
29/12/2016,SRCL,76.199997,76.860001,76.169998,77.040001,501300
29/12/2016,DPS,90.610001,90.959999,90.599998,91.139999,501300
29/12/2016,CSRA,31.549999,31.940001,31.549999,31.98,501600
29/12/2016,EFX,118.690002,118.669998,117.870003,119.07,502700
29/12/2016,MTB,156.720001,155.630005,154.809998,157.080002,507900
29/12/2016,L,47.27,46.950001,46.91,47.41,509100
29/12/2016,CTAS,115.519997,116.32,115.449997,116.529999,513400
29/12/2016,MAA,96,96.589996,95.370003,97.080002,513500
29/12/2016,EMN,75.760002,75.519997,75.349998,76.150002,515800
29/12/2016,JBHT,96.970001,97.339996,96.970001,98.059998,532900
29/12/2016,MCO,94.800003,94.290001,94.260002,95.110001,535500
29/12/2016,NOC,232.229996,232.630005,232.100006,233.820007,538500
29/12/2016,DRI,73.760002,73.779999,73.57,74.239998,540700
29/12/2016,BLL,76.010002,75.690002,75.370003,76.330002,544200
29/12/2016,SWK,115.120003,115.239998,114.830002,116.580002,546600
29/12/2016,UHS,106.080002,106.400002,105.080002,107.010002,548700
29/12/2016,PSA,218.470001,220.399994,216.789993,221.559998,552000
29/12/2016,DGX,91.839996,91.870003,91.480003,92.379997,558700
29/12/2016,TEL,69.989998,70.050003,69.690002,70.440002,566300
29/12/2016,DVA,64.510002,64.360001,64.269997,64.739998,566800
29/12/2016,ANTM,144.75,144.759995,144.330002,145.949997,568000
29/12/2016,COL,93.5,93.449997,93.290001,94.059998,571600
29/12/2016,PX,117.639999,117.410004,117.25,118,574800
29/12/2016,MKC,92.910004,93.669998,92.910004,93.790001,579400
29/12/2016,APH,67.660004,67.599998,67.150002,68.019997,587000
29/12/2016,DTE,98.160004,98.93,97.870003,99.059998,588700
29/12/2016,AKAM,67.139999,67.040001,66.879997,67.830002,589400
29/12/2016,EXPD,53.169998,53.080002,52.84,53.360001,592500
29/12/2016,PXD,182.039993,181.649994,181.050003,182.880005,596800
29/12/2016,WHR,182.270004,183.190002,182,184.220001,599700
29/12/2016,AVB,173.899994,175.600006,173.330002,176.169998,601700
29/12/2016,PNR,56.439999,56.509998,56.310001,56.75,602100
29/12/2016,TAP,97.290001,98.019997,97.209999,98.099998,608400
29/12/2016,PFG,57.939999,57.849998,57.630001,58.400002,609000
29/12/2016,MAC,69.059998,69.25,68.709999,69.720001,611000
29/12/2016,KSU,84.839996,84.459999,84.190002,85.089996,617600
29/12/2016,HSY,103.07,103.989998,103.07,104.199997,625000
29/12/2016,XYL,50.029999,49.77,49.68,50.220001,626200
29/12/2016,FLR,53.07,52.470001,52.400002,53.380001,626500
29/12/2016,LNT,37.66,38.189999,37.549999,38.240002,627300
29/12/2016,RSG,57.07,57.150002,57.049999,57.23,632100
29/12/2016,TSS,49.450001,49.25,49.09,49.57,633000
29/12/2016,KLAC,79.580002,79.290001,78.519997,79.779999,636000
29/12/2016,INTU,115.410004,114.919998,114.809998,115.849998,636700
29/12/2016,HP,78.260002,78.169998,77.660004,79,640000
29/12/2016,CI,137.539993,135.5,135.190002,138.679993,641700
29/12/2016,ILMN,127.660004,128.720001,127.220001,129.380005,647300
29/12/2016,AIV,44.360001,44.700001,44.25,44.84,653200
29/12/2016,WRK,51.48,51.610001,51.009998,51.799999,658600
29/12/2016,CLX,120.43,121.360001,120.330002,122.169998,662200
29/12/2016,AMP,110.889999,109.919998,109.190002,111.690002,670200
29/12/2016,SLG,104.769997,105.099998,103.949997,106.059998,671500
29/12/2016,SYK,120.309998,120.519997,120.010002,121.089996,674700
29/12/2016,CTXS,89.949997,90.019997,89.82,90.57,680200
29/12/2016,ZBH,103,103.5,102.830002,103.739998,683300
29/12/2016,LNC,66.760002,66.120003,65.699997,67.25,685400
29/12/2016,NWS,12,12.05,11.85,12.1,685800
29/12/2016,FISV,107.449997,107.279999,106.910004,108.449997,699500
29/12/2016,ETN,67.739998,67.610001,67.25,67.989998,703500
29/12/2016,SIG,93.739998,93.949997,93.400002,95.040001,709400
29/12/2016,BDX,165.869995,166.149994,165.589996,166.880005,712400
29/12/2016,LUK,23.200001,23.200001,23.120001,23.379999,717600
29/12/2016,SPGI,108.949997,108.610001,108.599998,109.43,721800
29/12/2016,TSCO,75.860001,76.019997,75.57,76.519997,722100
29/12/2016,XRAY,58.25,58.25,58.060001,58.57,734000
29/12/2016,GOOG,783.330017,782.789978,778.919983,785.929993,742200
29/12/2016,MON,105.190002,105.099998,105.099998,105.589996,743400
29/12/2016,URI,106.580002,106.699997,105.870003,107.769997,750500
29/12/2016,MJN,71,70.849998,70.620003,71.220001,758900
29/12/2016,TRV,122.07,122.290001,121.910004,122.599998,759300
29/12/2016,SRE,100.43,100.989998,100.129997,101.5,763500
29/12/2016,VNO,102.459999,102.849998,101.599998,103.279999,764800
29/12/2016,FL,71.260002,70.889999,70.660004,71.709999,765500
29/12/2016,TMO,141.009995,141.479996,141,142.380005,767400
29/12/2016,ALK,88.709999,88.529999,87.839996,89.360001,770500
29/12/2016,NTRS,89.209999,88.629997,87.860001,89.599998,773400
29/12/2016,FBHS,54.130001,54.049999,53.869999,54.419998,780400
29/12/2016,VMC,127.050003,127.25,126.849998,128.990005,781900
29/12/2016,AWK,71.980003,72.720001,71.760002,72.790001,794200
29/12/2016,LKQ,30.92,30.879999,30.77,31.09,796000
29/12/2016,UNM,43.970001,43.810001,43.700001,44.330002,802100
29/12/2016,MCK,140.860001,141.779999,140.860001,142.990005,804500
29/12/2016,DLPH,67.300003,67.360001,67.07,67.919998,806800
29/12/2016,XL,37.700001,37.259998,37.259998,37.77,827800
29/12/2016,CHRW,73.68,73.730003,73.510002,73.949997,835900
29/12/2016,RHI,48.98,48.849998,48.66,49.240002,845500
29/12/2016,TDC,27.059999,27.25,26.92,27.26,849400
29/12/2016,CXO,135.059998,134.139999,133.320007,135.470001,851500
29/12/2016,EL,77.529999,77.269997,77.040001,77.879997,852800
29/12/2016,COST,160.649994,161.130005,160.649994,161.440002,858200
29/12/2016,CMG,385.570007,376.609985,375.130005,387,866900
29/12/2016,RCL,83.169998,82.959999,82.400002,83.349998,869600
29/12/2016,TROW,76.050003,75.540001,75.379997,76.459999,869900
29/12/2016,ETR,72.370003,73.5,72.269997,73.589996,870400
29/12/2016,WM,71,71.010002,70.93,71.239998,871200
29/12/2016,UDR,35.509998,35.82,35.439999,35.939999,871400
29/12/2016,PVH,90.349998,90.870003,90.010002,91.339996,873400
29/12/2016,EXR,74.349998,75.589996,73.449997,76.029999,876100
29/12/2016,AME,48.75,48.66,48.450001,48.950001,883600
29/12/2016,CA,31.92,32.139999,31.92,32.200001,889900
29/12/2016,A,45.68,45.639999,45.57,46,891000
29/12/2016,LMT,250.190002,250.589996,249.449997,251.919998,900900
29/12/2016,ITW,122.989998,122.489998,122,123.389999,905600
29/12/2016,LRCX,107.480003,107.150002,106.379997,107.519997,908000
29/12/2016,CME,115.879997,115.589996,115.190002,116.32,909400
29/12/2016,AJG,51.669998,51.84,51.650002,51.91,909700
29/12/2016,CNC,57.610001,56.830002,56.759998,58.009998,920000
29/12/2016,MMC,67.910004,67.75,67.639999,68.080002,920100
29/12/2016,IRM,32.150002,32.380001,31.9,32.529999,921800
29/12/2016,AEE,52.27,52.560001,51.959999,52.700001,922600
29/12/2016,SCG,73.089996,73.610001,72.889999,73.779999,922700
29/12/2016,NSC,108.860001,108.82,107.769997,109.32,926800
29/12/2016,TIF,77.330002,77.400002,76.800003,78.059998,934200
29/12/2016,CMI,136.820007,136.419998,135.940002,137.649994,935900
29/12/2016,VRTX,74.449997,74.440002,73.730003,75.010002,938600
29/12/2016,CPB,60.560001,60.950001,60.48,61.02,940200
29/12/2016,CB,132.279999,132.240005,131.839996,132.639999,945200
29/12/2016,STZ,152.740005,153.740005,152.639999,153.919998,947600
29/12/2016,GRMN,49.169998,49.009998,48.810001,49.439999,951700
29/12/2016,RL,89.900002,90.739998,89.900002,91.07,963300
29/12/2016,GD,173.550003,173.210007,172.350006,174.070007,967800
29/12/2016,KMB,114.839996,115.080002,114.339996,115.279999,968500
29/12/2016,ABC,78.610001,79.339996,78.589996,80.239998,979500
29/12/2016,QRVO,54.470001,53.610001,52.900002,54.566002,981100
29/12/2016,WYNN,87.07,87.169998,86.739998,87.519997,984600
29/12/2016,PAYX,61.470001,61.400002,61.240002,61.950001,989000
29/12/2016,PWR,34.52,34.59,34.34,34.669998,989400
29/12/2016,OKE,57.66,57.98,57.580002,58.119999,995600
29/12/2016,LB,66.18,66.290001,65.980003,66.790001,998900
29/12/2016,BWA,39.48,39.490002,39.299999,39.669998,1004200
29/12/2016,ALXN,123.519997,123.629997,121.919998,123.839996,1008400
29/12/2016,NAVI,16.440001,16.379999,16.275,16.68,1010900
29/12/2016,NEE,119.230003,120.18,118.519997,120.260002,1012000
29/12/2016,ADSK,74.870003,74.980003,74.5,75.440002,1019500
29/12/2016,PSX,87.010002,86.650002,86.360001,87.489998,1021400
29/12/2016,GPN,69.800003,69.82,69.169998,69.949997,1022300
29/12/2016,CHTR,291.019989,292.190002,290.109985,294.869995,1025500
29/12/2016,HCA,73.25,73.889999,73.25,74.209999,1036300
29/12/2016,EQT,66.07,65.620003,65.440002,66.330002,1045600
29/12/2016,ZTS,53.470001,53.619999,53.400002,53.779999,1046700
29/12/2016,CHD,44.310001,44.82,44.18,44.849998,1050000
29/12/2016,GOOGL,802.330017,802.880005,798.140015,805.75,1056500
29/12/2016,DISCK,27.32,27.01,26.889999,27.379999,1065800
29/12/2016,URBN,28.92,28.780001,28.49,29.15,1077300
29/12/2016,PCG,60.25,61.09,60.119999,61.209999,1080000
29/12/2016,STT,78.010002,77.660004,77.209999,78.290001,1084500
29/12/2016,TSN,61.959999,62.150002,61.689999,62.310001,1085700
29/12/2016,ADBE,103.629997,103.68,103.410004,104.389999,1095000
29/12/2016,KMX,64,63.900002,63.5,64.599998,1098700
29/12/2016,MMM,178.289993,178.410004,178.029999,179.139999,1102000
29/12/2016,SEE,45.650002,45.509998,45.25,45.970001,1104700
29/12/2016,ED,73.160004,74.07,73.150002,74.139999,1111400
29/12/2016,EXPE,113.220001,113.970001,113,114.209999,1116600
29/12/2016,BIIB,288.959991,287.029999,285.230011,290.410004,1119800
29/12/2016,PRGO,82.769997,82.309998,82.010002,83.290001,1120900
29/12/2016,ICE,56.82,56.490002,56.360001,56.849998,1130100
29/12/2016,DISCA,27.879999,27.690001,27.6,28.02,1131000
29/12/2016,PCAR,64.970001,64.370003,64.32,65.300003,1133600
29/12/2016,DG,73.900002,74.129997,73.839996,74.43,1135100
29/12/2016,PPG,94.699997,95.309998,94.669998,95.32,1147700
29/12/2016,AET,124.860001,124.449997,124.32,125.360001,1151500
29/12/2016,SWKS,76.739998,76.559998,75.629997,77.120003,1164900
29/12/2016,CMA,68.82,67.919998,67.449997,68.919998,1168300
29/12/2016,EMR,56.369999,56.200001,56,56.5,1171700
29/12/2016,ES,54.849998,55.57,54.73,55.619999,1174300
29/12/2016,DLR,96.209999,98.410004,96.099998,98.760002,1175400
29/12/2016,ALL,74.379997,74.279999,74.199997,74.57,1181900
29/12/2016,GT,31.25,31.129999,31.01,31.610001,1185500
29/12/2016,MAS,31.85,31.889999,31.799999,32.080002,1188300
29/12/2016,CBG,31.309999,31.15,31.07,31.49,1191600
29/12/2016,SE,41,41.16,40.959999,41.400002,1199000
29/12/2016,HRL,34.939999,35.240002,34.91,35.389999,1202200
29/12/2016,HAS,77.769997,77.93,77.199997,78.529999,1212300
29/12/2016,HIG,47.799999,47.720001,47.5,47.939999,1214600
29/12/2016,NUE,60.91,60.93,60.43,61.48,1217700
29/12/2016,NLSN,42.380001,42.099998,41.93,42.400002,1218600
29/12/2016,KORS,43.080002,42.84,42.450001,43.380001,1232600
29/12/2016,O,55.950001,56.630001,55.599998,56.939999,1239300
29/12/2016,MCHP,64.650002,64.760002,64.410004,65,1242000
29/12/2016,BEN,39.459999,39.41,39.23,39.77,1243400
29/12/2016,FOX,27.65,27.48,27.440001,27.809999,1249300
29/12/2016,WEC,58.189999,58.849998,57.959999,58.900002,1250500
29/12/2016,LVLT,57.040001,56.830002,56.630001,57.07,1253300
29/12/2016,ADP,103.269997,103.449997,103,103.849998,1264500
29/12/2016,UAL,73.529999,73.279999,72.93,74.190002,1272400
29/12/2016,FDX,188.850006,186.949997,186.419998,189.639999,1279200
29/12/2016,PLD,51.689999,52.27,51.43,52.369999,1286000
29/12/2016,DHR,78.150002,78.220001,78.019997,78.440002,1297700
29/12/2016,EQR,63.049999,63.68,62.82,63.799999,1301600
29/12/2016,IR,76.040001,75.57,75.32,76.300003,1317700
29/12/2016,PGR,35.5,35.509998,35.330002,35.599998,1318100
29/12/2016,CMS,41.48,41.77,41.360001,41.880001,1325400
29/12/2016,EW,92.709999,93.709999,92.669998,94.110001,1330200
29/12/2016,ADI,73.379997,73.580002,73.230003,73.879997,1331000
29/12/2016,CERN,47.470001,47.919998,47.470001,48.130001,1335100
29/12/2016,PDCO,40.880001,41.139999,40.799999,41.439999,1337800
29/12/2016,EVHC,64.970001,64.309998,64,64.970001,1337800
29/12/2016,OMC,86.220001,85.68,85.599998,86.449997,1342300
29/12/2016,LLTC,62.419998,62.57,62.389999,62.610001,1346200
29/12/2016,PBI,15.33,15.34,15.23,15.45,1357000
29/12/2016,HOG,58,58.16,57.919998,58.57,1357700
29/12/2016,PRU,105.32,103.919998,103.529999,105.669998,1362300
29/12/2016,AVGO,179.699997,179.869995,178.630005,180.669998,1367100
29/12/2016,TWX,96.300003,96.690002,96.099998,96.699997,1372500
29/12/2016,IP,53.290001,53.369999,53.119999,53.650002,1380600
29/12/2016,HOLX,39.889999,40.080002,39.889999,40.349998,1384000
29/12/2016,LEN,43.18,42.900002,42.880001,43.52,1384800
29/12/2016,AFL,69.860001,69.830002,69.800003,70.129997,1388300
29/12/2016,XLNX,60.599998,60.740002,60.360001,61.119999,1398100
29/12/2016,UPS,115.230003,114.980003,114.529999,115.5,1408700
29/12/2016,YUM,63.560001,63.630001,63.529999,63.939999,1421400
29/12/2016,HES,63.610001,62.900002,62.419998,63.75,1435800
29/12/2016,LYB,86.440002,86.010002,85.739998,87.019997,1437500
29/12/2016,XEL,40.439999,40.939999,40.360001,41.009998,1438900
29/12/2016,TSO,89.169998,88.550003,87.589996,89.489998,1442100
29/12/2016,VFC,53.799999,53.630001,53.450001,54.09,1450300
29/12/2016,K,73.510002,73.959999,73.330002,74.139999,1452300
29/12/2016,JWN,48.27,48.290001,47.93,48.889999,1454000
29/12/2016,BHI,64.580002,64.720001,64.010002,64.900002,1461300
29/12/2016,RTN,142.279999,143.389999,142.050003,143.669998,1461500
29/12/2016,DFS,72.059998,71.849998,71.529999,72.5,1462900
29/12/2016,FIS,76.650002,77,76.510002,77.120003,1469400
29/12/2016,EA,80.529999,80.160004,79.699997,81.010002,1470100
29/12/2016,SPG,174.779999,175.979996,173.399994,176.410004,1472900
29/12/2016,GIS,61.709999,62.360001,61.669998,62.419998,1483300
29/12/2016,NTAP,35.709999,35.68,35.5,36.119999,1506500
29/12/2016,HCN,65.529999,65.769997,65.129997,66.269997,1506500
29/12/2016,AEP,62.68,63.279999,62.5,63.380001,1508100
29/12/2016,NWSA,11.69,11.66,11.55,11.73,1511700
29/12/2016,VTR,61.25,61.73,60.93,61.950001,1517500
29/12/2016,EOG,101.599998,101.279999,100.540001,101.949997,1517700
29/12/2016,EIX,71.379997,72.279999,71.220001,72.440002,1524400
29/12/2016,PNC,117.279999,116.099998,115.360001,117.610001,1542300
29/12/2016,CBS,64.589996,64.5,64.480003,64.980003,1543800
29/12/2016,NI,22.049999,22.24,21.93,22.25,1549400
29/12/2016,ZION,43.27,42.790001,42.630001,43.639999,1551600
29/12/2016,NWL,45.310001,45.299999,44.98,45.490002,1560600
29/12/2016,FAST,47.549999,47.209999,47.130001,47.75,1563900
29/12/2016,BAX,44.139999,44.259998,44.09,44.540001,1568800
29/12/2016,AMT,105.910004,106.389999,105.75,106.769997,1584200
29/12/2016,MAR,83.57,83.32,83.110001,83.739998,1590400
29/12/2016,JNPR,28.43,28.370001,28.17,28.58,1590800
29/12/2016,RAI,55.900002,56.099998,55.900002,56.189999,1617300
29/12/2016,TRIP,46.75,46.950001,46.529999,47.119999,1622600
29/12/2016,DD,74.220001,73.809998,73.760002,74.690002,1626500
29/12/2016,CNP,24.52,24.73,24.48,24.780001,1629100
29/12/2016,HRB,23.290001,23.219999,23.17,23.43,1630700
29/12/2016,ACN,116.980003,117.010002,116.510002,117.980003,1631500
29/12/2016,CCL,52.34,51.990002,51.970001,52.459999,1639900
29/12/2016,AMGN,147.369995,147.779999,147.369995,148.690002,1655500
29/12/2016,ETFC,34.799999,34.59,34.240002,34.98,1656300
29/12/2016,IBM,166.020004,166.600006,166,166.990005,1663500
29/12/2016,CELG,117.169998,116.93,116.169998,117.660004,1665300
29/12/2016,HON,116.120003,116,115.800003,116.580002,1667000
29/12/2016,ROST,66.489998,66.370003,66.279999,67.139999,1670200
29/12/2016,CCI,86.989998,87.010002,86.540001,87.290001,1675200
29/12/2016,CTSH,56.060001,56.18,56.029999,56.599998,1679600
29/12/2016,SYY,55.84,55.919998,55.650002,56.099998,1686800
29/12/2016,FSLR,32.849998,32.57,32.41,33.209999,1687200
29/12/2016,NOV,37.919998,37.830002,37.560001,38.169998,1694800
29/12/2016,CAH,72.309998,72.349998,72.230003,73.150002,1728400
29/12/2016,APA,64.349998,63.869999,63.509998,64.610001,1735000
29/12/2016,KSS,49.740002,50.060001,49.540001,50.299999,1741000
29/12/2016,TGNA,21.75,21.549999,21.450001,21.790001,1743000
29/12/2016,MNK,49.75,49.509998,48.610001,50.169998,1743200
29/12/2016,RHT,69.769997,69.650002,69.599998,70.480003,1773200
29/12/2016,BA,156,155.690002,155.160004,156.75,1804000
29/12/2016,KHC,87.300003,87.93,87.300003,88.150002,1823500
29/12/2016,VIAB,35.5,35.279999,35.200001,35.700001,1824700
29/12/2016,MUR,31.91,31.469999,31.219999,32,1840200
29/12/2016,DLTR,77.650002,77.339996,76.809998,78.080002,1846600
29/12/2016,DHI,27.629999,27.530001,27.450001,27.9,1852500
29/12/2016,TJX,75.57,75.709999,75.480003,75.989998,1865500
29/12/2016,NFX,41.509998,41.240002,40.959999,41.700001,1911700
29/12/2016,VLO,68.669998,68.629997,68.25,69.650002,1913000
29/12/2016,OXY,71.809998,71.599998,71.199997,71.949997,1938300
29/12/2016,MCD,122.760002,122.790001,122.760002,123.360001,1943300
29/12/2016,ADM,45.27,45.360001,45.25,45.720001,1947600
29/12/2016,PHM,18.52,18.5,18.48,18.610001,1970200
29/12/2016,MNST,44.91,45.029999,44.689999,45.240002,1983200
29/12/2016,WU,21.799999,21.83,21.719999,21.950001,2001800
29/12/2016,MOS,29.059999,29.33,29.02,29.459999,2080700
29/12/2016,DVN,46,45.950001,45.630001,46.209999,2095600
29/12/2016,COF,88.419998,87.110001,86.949997,88.559998,2102700
29/12/2016,CL,65.730003,65.889999,65.639999,66,2108800
29/12/2016,PEG,43.57,44.049999,43.48,44.209999,2110300
29/12/2016,UNP,104.879997,104.419998,103.989998,105.25,2121200
29/12/2016,DE,103.239998,103.209999,103.029999,103.940002,2130300
29/12/2016,ESRX,68.82,69.389999,68.82,69.870003,2150400
29/12/2016,LUV,50.189999,50.200001,49.959999,50.619999,2160500
29/12/2016,COH,35.09,35.009998,34.790001,35.380001,2179400
29/12/2016,WFM,31.200001,31.01,30.959999,31.469999,2232000
29/12/2016,NBL,38.73,38.27,38.130001,38.880001,2254100
29/12/2016,FTI,35.27,35.549999,35.27,35.73,2255900
29/12/2016,IPG,23.610001,23.639999,23.559999,23.77,2282300
29/12/2016,APC,70.540001,70.110001,69.629997,70.620003,2324100
29/12/2016,D,76.529999,76.989998,76.290001,77.330002,2342400
29/12/2016,AES,11.75,11.7,11.65,11.76,2364000
29/12/2016,CAG,39.689999,39.779999,39.650002,39.959999,2385100
29/12/2016,CAT,93.279999,93.290001,93,93.849998,2387200
29/12/2016,PEP,104.5,104.989998,104.480003,105.099998,2407100
29/12/2016,UNH,161.919998,161.039993,160.389999,162.360001,2472100
29/12/2016,COTY,18.459999,18.41,18.35,18.540001,2510900
29/12/2016,AXP,74.269997,73.919998,73.5,74.68,2573700
29/12/2016,GS,240.75,238.179993,236.639999,241.070007,2609500
29/12/2016,NRG,12.43,12.39,12.33,12.56,2640500
29/12/2016,WY,29.99,30.35,29.889999,30.48,2658600
29/12/2016,MPC,50.360001,50.450001,50.080002,51.080002,2684000
29/12/2016,STX,38.790001,38.02,37.830002,39.139999,2710800
29/12/2016,UAA,29.26,29.23,29.120001,29.440001,2725500
29/12/2016,HD,135.020004,135.100006,134.630005,135.850006,2761700
29/12/2016,SO,49.189999,49.369999,48.91,49.439999,2766600
29/12/2016,TGT,72.779999,72.620003,72.43,73.169998,2795300
29/12/2016,BBT,47.220001,46.720001,46.540001,47.27,2811500
29/12/2016,MA,103.809998,103.769997,103.440002,104.370003,2858600
29/12/2016,ENDP,15.7,15.68,15.35,15.77,2875000
29/12/2016,PPL,33.990002,34.259998,33.880001,34.330002,2885700
29/12/2016,UTX,110.279999,110.550003,110.029999,110.82,2903600
29/12/2016,FE,30.84,31.120001,30.84,31.309999,2927900
29/12/2016,DUK,77.110001,78.019997,77,78.169998,2955900
29/12/2016,JNJ,115.230003,115.489998,115.010002,115.870003,2977500
29/12/2016,RRC,34.23,34.259998,33.869999,34.77,3028600
29/12/2016,LLY,73.389999,73.559998,73.239998,73.870003,3031600
29/12/2016,PM,90.949997,91.730003,90.75,92,3059100
29/12/2016,COG,22.799999,22.74,22.59,22.99,3061500
29/12/2016,SYMC,24.09,24.23,24.059999,24.33,3071300
29/12/2016,STI,55.619999,54.689999,54.400002,55.689999,3088600
29/12/2016,M,36.240002,36.290001,35.919998,36.599998,3121300
29/12/2016,JCI,41.799999,41.68,41.389999,42.09,3151300
29/12/2016,AMZN,772.400024,765.150024,760.849976,773.400024,3153500
29/12/2016,PBCT,19.49,19.370001,19.32,19.59,3154100
29/12/2016,CVX,118.010002,117.82,117.480003,118.419998,3214500
29/12/2016,CRM,68.849998,69.150002,68.769997,69.82,3220400
29/12/2016,MDLZ,44.700001,44.84,44.669998,45.029999,3226700
29/12/2016,GGP,24.52,24.51,24.280001,24.66,3246700
29/12/2016,DOW,58,57.419998,57.369999,58.139999,3255700
29/12/2016,WDC,69.019997,68.43,67.809998,69.440002,3268500
29/12/2016,IVZ,30.379999,30.1,29.959999,30.440001,3287400
29/12/2016,TXN,73.839996,74.150002,73.800003,74.400002,3292600
29/12/2016,AIG,66,65.5,65.440002,66.190002,3299200
29/12/2016,BBBY,40.580002,40.869999,40.450001,41.080002,3302900
29/12/2016,DAL,49.540001,49.310001,49.209999,49.849998,3342500
29/12/2016,KR,34.669998,34.59,34.540001,34.880001,3358900
29/12/2016,HBI,21.57,21.65,21.4,21.690001,3367800
29/12/2016,WMB,30.92,31.01,30.74,31.290001,3428800
29/12/2016,NFLX,125.949997,125.330002,124.199997,126.139999,3443700
29/12/2016,CSX,36.610001,36.23,36.16,36.639999,3472900
29/12/2016,MYL,37.470001,37.380001,37.18,38,3529600
29/12/2016,SYF,36.389999,36.09,35.919998,36.66,3529800
29/12/2016,SLB,84.260002,84.199997,83.790001,84.849998,3535400
29/12/2016,CVS,78.889999,79,78.809998,79.470001,3580000
29/12/2016,MO,67.269997,67.849998,67.120003,68,3590600
29/12/2016,MAT,27.639999,27.629999,27.360001,27.85,3604100
29/12/2016,COP,50.66,50.540001,50.240002,50.82,3634500
29/12/2016,BMY,58.810001,58.900002,58.630001,59.189999,3642700
29/12/2016,PYPL,39.540001,39.959999,39.540001,40.169998,3694600
29/12/2016,QCOM,65.5,66.040001,65.419998,66.080002,3695400
29/12/2016,WBA,83.470001,83.480003,83.160004,83.879997,3697300
29/12/2016,AAL,47.799999,47.25,46.959999,48,3709300
29/12/2016,PG,84.239998,84.349998,84.099998,84.489998,3718300
29/12/2016,BSX,21.65,21.700001,21.639999,21.860001,3749900
29/12/2016,SBUX,56.349998,56.32,56.139999,56.470001,3780900
29/12/2016,CFG,35.950001,35.279999,35.235001,36.02,3783600
29/12/2016,GPS,22.77,22.73,22.549999,23,3810500
29/12/2016,MET,53.98,53.799999,53.419998,54.139999,3811800
29/12/2016,ATVI,36.5,36.48,36.290001,36.779999,3855100
29/12/2016,MDT,71.730003,71.540001,71.330002,71.980003,3883200
29/12/2016,HCP,29.1,29.360001,28.959999,29.469999,3982200
29/12/2016,LOW,71.5,71.339996,71.239998,71.900002,4009800
29/12/2016,EXC,35.330002,35.720001,35.279999,35.880001,4074200
29/12/2016,YHOO,38.759998,38.639999,38.48,38.93,4170200
29/12/2016,KIM,24.48,24.780001,24.35,24.91,4172500
29/12/2016,CF,31.52,31.9,31.440001,32.040001,4208000
29/12/2016,HAL,54.139999,54.040001,53.84,54.459999,4216800
29/12/2016,HST,18.59,18.75,18.52,18.76,4286700
29/12/2016,WMT,69.209999,69.260002,69.120003,69.519997,4289800
29/12/2016,AMAT,32.799999,32.66,32.48,32.990002,4293800
29/12/2016,GM,35.25,35.139999,35.119999,35.48,4415300
29/12/2016,CTL,24.030001,24.030001,23.860001,24.18,4526700
29/12/2016,GLW,24.450001,24.440001,24.379999,24.610001,4547100
29/12/2016,USB,51.75,51.299999,51.040001,51.869999,4625700
29/12/2016,ARNC,19.26,18.700001,18.68,19.299999,4650500
29/12/2016,NKE,51,51.060001,50.880001,51.240002,4659600
29/12/2016,AGN,203.690002,207.210007,203.690002,208.360001,4829000
29/12/2016,BBY,43.669998,43.07,42.709999,44.23,4837300
29/12/2016,HPQ,14.93,14.94,14.87,15.04,4904600
29/12/2016,SCHW,39.849998,39.580002,39.41,39.990002,4935200
29/12/2016,ABBV,62.389999,62.73,62.389999,63.060001,4990000
29/12/2016,HPE,23.280001,23.34,23.18,23.469999,5148800
29/12/2016,FOXA,28.6,28.280001,28.209999,28.610001,5199900
29/12/2016,FITB,27.299999,26.73,26.6,27.34,5521700
29/12/2016,SWN,10.85,10.7,10.63,10.92,5611800
29/12/2016,ORCL,38.610001,38.689999,38.610001,38.84,5711800
29/12/2016,DIS,104.230003,104.559998,103.870003,104.769997,5892000
29/12/2016,CMCSA,70.400002,70.089996,69.970001,70.660004,5993500
29/12/2016,V,78.489998,78.330002,78.300003,78.839996,6016300
29/12/2016,RIG,14.87,14.71,14.62,15.13,6258300
29/12/2016,MRK,59.290001,59.040001,58.98,59.59,6487700
29/12/2016,XOM,90.099998,90.349998,90.029999,90.599998,6684700
29/12/2016,KO,41.380001,41.599998,41.380001,41.689999,6817900
29/12/2016,MRO,17.780001,17.57,17.440001,17.83,7020000
29/12/2016,ABT,38.299999,38.310001,38.110001,38.509998,7050800
29/12/2016,EBAY,30.02,29.98,29.83,30.209999,7119600
29/12/2016,VZ,53.59,53.740002,53.509998,53.900002,7150800
29/12/2016,XRX,8.79,8.72,8.69,8.82,7210600
29/12/2016,BK,47.759998,47.34,46.970001,47.950001,7461800
29/12/2016,GILD,72.769997,72.129997,71.940002,72.849998,7500600
29/12/2016,KMI,20.719999,20.76,20.709999,20.9,7704200
29/12/2016,SPLS,9.13,9.18,9.01,9.24,8169900
29/12/2016,HBAN,13.29,13.08,13.02,13.3,8328200
29/12/2016,INTC,36.509998,36.66,36.43,36.720001,8447300
29/12/2016,FB,117,116.349998,116.059998,117.529999,9921400
29/12/2016,KEY,18.27,18.110001,17.969999,18.290001,10018500
29/12/2016,MSFT,62.860001,62.900002,62.73,63.200001,10250600
29/12/2016,CSCO,30.370001,30.459999,30.33,30.549999,10995600
29/12/2016,NEM,33.27,35.27,33.150002,35.310001,12056600
29/12/2016,T,42.529999,42.66,42.529999,42.799999,12389200
29/12/2016,RF,14.45,14.17,14.12,14.49,13532700
29/12/2016,PFE,32.389999,32.490002,32.369999,32.619999,14067600
29/12/2016,JPM,86.580002,85.889999,85.040001,86.669998,14689000
29/12/2016,AAPL,116.449997,116.730003,116.400002,117.110001,15039500
29/12/2016,FCX,13.56,13.48,13.3,13.61,15225400
29/12/2016,FTR,3.27,3.36,3.27,3.41,15739800
29/12/2016,WFC,55.189999,54.84,54.48,55.459999,15933500
29/12/2016,GE,31.74,31.709999,31.700001,31.879999,16072300
29/12/2016,C,60.02,59.380001,58.68,60.119999,17121200
29/12/2016,MU,22.58,22.27,22.15,22.799999,19794500
29/12/2016,F,12.25,12.23,12.22,12.31,19819100
29/12/2016,CHK,7.22,7.16,7.07,7.29,35325300
29/12/2016,NVDA,104.900002,111.43,102.800003,111.489998,54036800
29/12/2016,BAC,22.33,22,21.77,22.389999,78979400
28/12/2016,MTD,429.230011,420.579987,418.540009,430.100006,119500
28/12/2016,SNA,174.119995,171.740005,171.380005,174.839996,136200
28/12/2016,DNB,123.040001,121.660004,121.18,123.040001,152500
28/12/2016,AZO,804.219971,795.890015,794.48999,805.099976,155400
28/12/2016,ISRG,639.799988,635.549988,633.72998,642.409973,159700
28/12/2016,TDG,250.5,249.5,248.190002,250.740005,187000
28/12/2016,MHK,204.770004,201.770004,201.610001,204.770004,222500
28/12/2016,HSIC,153.100006,152.25,152.050003,153.690002,241700
28/12/2016,PCLN,1494.72998,1480.459961,1476.47998,1496.050049,246700
28/12/2016,CINF,76.589996,75.959999,75.93,76.760002,258500
28/12/2016,PNW,77.860001,76.93,76.709999,77.860001,260600
28/12/2016,FFIV,145.179993,144.059998,143.949997,145.960007,267400
28/12/2016,SNI,72.980003,72.029999,71.980003,73.029999,269300
28/12/2016,ESS,227.949997,227.550003,225.690002,227.949997,270800
28/12/2016,AVY,71.919998,70.790001,70.730003,72.18,284300
28/12/2016,PKI,52.849998,52.189999,52.130001,52.849998,290900
28/12/2016,EQIX,357.220001,353.859985,353.429993,359.549988,291600
28/12/2016,IDXX,119.790001,117.75,117.589996,120.900002,301600
28/12/2016,COO,177.309998,175.339996,174.779999,177.570007,306700
28/12/2016,WAT,136.75,134.660004,134.369995,136.809998,307100
28/12/2016,AYI,236.429993,230.800003,230.470001,236.809998,311000
28/12/2016,VAR,91.540001,90.650002,90.589996,91.610001,312100
28/12/2016,ROP,186.460007,183.809998,183.740005,187.029999,312900
28/12/2016,MSI,83.599998,82.860001,82.739998,83.730003,323300
28/12/2016,R,76.75,75.18,74.879997,76.830002,323700
28/12/2016,AIZ,94.120003,93.190002,93.089996,94.400002,324100
28/12/2016,LH,128.710007,127.559998,127.120003,129.139999,329300
28/12/2016,GPC,97.790001,96.370003,96.330002,97.849998,337600
28/12/2016,DGX,92.370003,91.760002,91.629997,92.510002,340200
28/12/2016,SJM,128.860001,127.959999,127.709999,129,340400
28/12/2016,VRSK,82.419998,81.650002,81.529999,82.529999,342600
28/12/2016,LLL,153.179993,151.710007,151.399994,153.220001,347200
28/12/2016,AAP,172.009995,170.419998,170.350006,172.929993,357100
28/12/2016,ALLE,65.559998,64.800003,64.760002,65.910004,357800
28/12/2016,FRT,140.020004,138.929993,138.259995,140.300003,358200
28/12/2016,NWS,12.25,12.05,12,12.3,371600
28/12/2016,GWW,238.509995,233.919998,233.479996,239.279999,382700
28/12/2016,AON,112.639999,111.720001,111.699997,112.730003,387200
28/12/2016,BCR,223.690002,222.449997,221.75,224.600006,394300
28/12/2016,IFF,119.040001,118.800003,118.599998,119.559998,404600
28/12/2016,FMC,57.68,56.66,56.599998,57.799999,407400
28/12/2016,FLIR,36.709999,36.279999,36.200001,36.740002,409200
28/12/2016,TMK,74.489998,73.879997,73.82,74.779999,417700
28/12/2016,WYN,77.300003,76.550003,76.360001,77.300003,422300
28/12/2016,ROK,136.479996,134.740005,134.619995,136.75,428500
28/12/2016,AMG,145,143.669998,142.960007,145.119995,429000
28/12/2016,WLTW,124.300003,122.379997,121.900002,124.300003,429900
28/12/2016,MTB,158.350006,156.649994,156.259995,158.350006,433400
28/12/2016,ULTA,258.899994,255.75,254.25,259.470001,435300
28/12/2016,XEC,137,136.440002,135.559998,137.350006,442700
28/12/2016,ORLY,284.299988,280.670013,280.23999,284.98999,442800
28/12/2016,L,47.509998,47.189999,47.130001,47.610001,451200
28/12/2016,BDX,167.220001,165.869995,165.25,167.270004,454800
28/12/2016,HSY,103.699997,103.150002,102.889999,103.699997,461600
28/12/2016,CTAS,116.580002,115.599998,115.470001,116.910004,463900
28/12/2016,HRS,103.5,103.339996,103.239998,103.940002,469200
28/12/2016,SHW,273.279999,270.299988,270.209991,273.48999,470000
28/12/2016,SRE,101.43,99.919998,99.769997,101.43,479000
28/12/2016,PSA,220.550003,218.279999,217.300003,220.550003,481900
28/12/2016,MLM,230.300003,226.169998,225.050003,233.759995,483800
28/12/2016,LEG,49.91,49.509998,49.459999,50.060001,490700
28/12/2016,CMG,389.600006,385.369995,385.160004,390.880005,492300
28/12/2016,NOC,233.240005,231.949997,231.559998,233.679993,493200
28/12/2016,BLK,388.380005,381.029999,380.709991,388.73999,501400
28/12/2016,FLR,54.040001,53.009998,52.919998,54.169998,503800
28/12/2016,BXP,123.400002,122.459999,121.739998,123.519997,509900
28/12/2016,TSCO,76.599998,75.730003,75.540001,76.879997,512500
28/12/2016,MKC,92.68,92.790001,92.540001,93.620003,514400
28/12/2016,DTE,98.779999,97.93,97.75,98.779999,521500
28/12/2016,VNO,103.239998,102.32,101.629997,103.239998,522000
28/12/2016,TSS,50.060001,49.299999,49.279999,50.209999,523800
28/12/2016,APH,68.360001,67.57,67.529999,68.360001,534300
28/12/2016,FTV,54.66,53.75,53.470001,54.66,540400
28/12/2016,REGN,387.880005,378.75,376.410004,387.880005,542500
28/12/2016,TROW,77.099998,76.07,76,77.099998,547800
28/12/2016,ILMN,128.759995,127.93,127.089996,128.940002,556100
28/12/2016,CTXS,91.150002,90.080002,89.93,91.190002,560500
28/12/2016,TAP,97.349998,96.959999,96.669998,97.580002,561900
28/12/2016,ECL,119.550003,118,117.959999,119.739998,564200
28/12/2016,DVA,64.860001,64.309998,64.300003,65.169998,564200
28/12/2016,SLG,105.949997,105.089996,104.529999,105.949997,564600
28/12/2016,SWK,116.739998,115.089996,114.889999,117.269997,565800
28/12/2016,ALB,89.050003,86.580002,86.5,89.410004,567000
28/12/2016,SPGI,109.559998,108.68,108.610001,109.830002,572200
28/12/2016,AMP,112.610001,110.82,110.790001,113.339996,581000
28/12/2016,MJN,71.900002,70.760002,70.699997,71.93,587900
28/12/2016,AWK,73.120003,71.980003,71.900002,73.220001,595200
28/12/2016,RSG,57.419998,57.32,57.27,57.549999,598200
28/12/2016,DISCK,27.5,27.27,27.129999,27.540001,599100
28/12/2016,MAA,96.550003,95.889999,95.360001,96.849998,600500
28/12/2016,JBHT,98.080002,97.080002,96.980003,98.550003,600500
28/12/2016,MCO,95.75,94.690002,94.650002,96.029999,602600
28/12/2016,AEE,52.580002,51.82,51.740002,52.580002,605600
28/12/2016,EMN,76.879997,75.580002,75.550003,77.339996,609300
28/12/2016,AN,49.57,48.400002,48.200001,49.900002,611400
28/12/2016,ADS,234,228.570007,227.470001,234,617000
28/12/2016,LNC,67.639999,66.599998,66.459999,67.82,623200
28/12/2016,SRCL,77.089996,76.110001,76.050003,77.599998,626300
28/12/2016,APD,147.669998,145.119995,145.020004,147.669998,630000
28/12/2016,VRSN,76.730003,76.989998,76.279999,77.440002,648600
28/12/2016,UNM,44.549999,43.959999,43.950001,44.73,652000
28/12/2016,NTRS,90.339996,89.209999,89.050003,90.489998,653100
28/12/2016,UHS,107.720001,106.139999,106.110001,108.260002,656100
28/12/2016,TXT,49.139999,48.52,48.5,49.139999,657500
28/12/2016,ALK,90.440002,88.690002,88.639999,91.019997,661200
28/12/2016,K,73.82,73.43,73.32,73.900002,664900
28/12/2016,FISV,108.269997,107.199997,107.110001,108.269997,679800
28/12/2016,PVH,90.489998,90.010002,89.510002,90.769997,680800
28/12/2016,AJG,52.02,51.619999,51.599998,52.049999,681900
28/12/2016,JEC,58.59,57.490002,57.130001,58.59,686600
28/12/2016,MCK,142.059998,141.529999,141.169998,142.789993,686900
28/12/2016,PNR,57.419998,56.259998,56.23,57.59,693100
28/12/2016,EXPD,53.790001,53.110001,53,54.16,695100
28/12/2016,AKAM,68.129997,67.269997,67.120003,68.300003,703200
28/12/2016,PFG,58.700001,58,57.990002,58.93,716900
28/12/2016,TIF,78.470001,77.379997,77.300003,78.830002,717100
28/12/2016,CMA,69.620003,68.629997,68.43,69.720001,719600
28/12/2016,HUM,206.059998,204.600006,204.5,207,732700
28/12/2016,BLL,76.919998,76.010002,75.900002,77,734100
28/12/2016,PX,118.830002,117.480003,117.400002,119.43,735700
28/12/2016,XYL,50.98,49.939999,49.91,51.150002,740100
28/12/2016,RL,89.900002,89.980003,89.309998,90.389999,746500
28/12/2016,AVB,174.809998,173.940002,172.220001,175.339996,751800
28/12/2016,IRM,32.459999,32.119999,32.040001,32.599998,756700
28/12/2016,FLS,49.41,48.509998,48.490002,49.82,757600
28/12/2016,HOG,58.540001,57.91,57.759998,58.669998,761200
28/12/2016,ETR,73.059998,71.989998,71.879997,73.059998,768700
28/12/2016,CA,32.290001,31.969999,31.93,32.380001,769600
28/12/2016,FBHS,55.43,54.18,54.150002,55.43,771000
28/12/2016,PDCO,41.07,40.93,40.889999,41.290001,772900
28/12/2016,PH,143.460007,140.869995,140.589996,143.759995,774200
28/12/2016,SCG,74.610001,72.919998,72.779999,74.769997,782700
28/12/2016,ES,55.400002,54.720001,54.630001,55.439999,789900
28/12/2016,VMC,128.649994,126.849998,126.529999,129.710007,793700
28/12/2016,INTU,116.879997,115.459999,115.18,116.889999,801500
28/12/2016,EXR,75.529999,74.339996,74.059998,75.529999,804500
28/12/2016,TDC,27.4,27.09,26.99,27.5,804800
28/12/2016,KSU,85.870003,84.529999,84.419998,86.599998,805600
28/12/2016,AIV,44.360001,44.23,44,44.450001,810000
28/12/2016,CSRA,31.98,31.690001,31.57,32.220001,816800
28/12/2016,CI,139.610001,137,137,140.300003,818300
28/12/2016,COL,94.480003,93.489998,93.379997,94.480003,820800
28/12/2016,EQT,66.949997,66.25,65.830002,67.220001,827700
28/12/2016,MCHP,65.510002,64.669998,64.660004,65.660004,834600
28/12/2016,HIG,48.419998,47.73,47.720001,48.419998,840100
28/12/2016,ABC,78.860001,78.349998,78.209999,79.220001,842500
28/12/2016,WHR,184.5,182.820007,182.100006,184.5,847100
28/12/2016,NDAQ,67.580002,67.339996,67.150002,67.620003,848700
28/12/2016,FL,71.870003,71.139999,70.889999,72.25,851700
28/12/2016,TRV,122.400002,122.080002,121.970001,122.769997,856200
28/12/2016,RHI,49.279999,48.830002,48.779999,49.59,859800
28/12/2016,CPB,60.509998,60.529999,60.299999,60.84,860000
28/12/2016,LNT,37.990002,37.540001,37.419998,38.040001,863200
28/12/2016,DLR,96.650002,96.019997,95.5,96.910004,863800
28/12/2016,CMI,138.220001,136.460007,136.179993,138.779999,864300
28/12/2016,RCL,83.980003,83.019997,82.860001,84.089996,864900
28/12/2016,ADSK,75.93,75.019997,74.510002,76.019997,870900
28/12/2016,ED,73.720001,73.07,72.940002,73.720001,873400
28/12/2016,CHTR,293.01001,291.119995,290.429993,293.730011,874000
28/12/2016,TEL,70.75,70,69.889999,70.779999,875000
28/12/2016,LB,66.559998,66.110001,65.669998,66.980003,877700
28/12/2016,DPS,90.529999,90.459999,90.150002,90.650002,883700
28/12/2016,PWR,35.150002,34.419998,34.330002,35.259998,887200
28/12/2016,GPN,70.720001,69.669998,69.330002,70.849998,894400
28/12/2016,CME,116.779999,115.959999,115.790001,117.230003,896600
28/12/2016,CHRW,74.690002,73.470001,73.459999,74.760002,900600
28/12/2016,WEC,58.560001,57.900002,57.880001,58.720001,904300
28/12/2016,CBG,31.870001,31.219999,31.200001,31.93,905000
28/12/2016,WRK,52.59,51.529999,51.458,52.59,909000
28/12/2016,KMB,115,114.150002,114.019997,115.239998,914900
28/12/2016,EFX,118.790001,118.480003,118.230003,118.790001,921500
28/12/2016,HAS,77.900002,77.620003,77.379997,78,927800
28/12/2016,SIG,94.18,93.699997,92.959999,94.949997,936000
28/12/2016,ANTM,145.75,144.259995,144.009995,146.600006,939800
28/12/2016,GRMN,50.360001,49.220001,49.169998,50.450001,941500
28/12/2016,DRI,74.279999,73.68,73.349998,74.870003,954900
28/12/2016,AME,49.84,48.75,48.740002,49.93,957300
28/12/2016,SYK,120.260002,119.879997,119.849998,120.989998,961400
28/12/2016,CNC,58.560001,57.470001,57.209999,58.84,964000
28/12/2016,CB,132.449997,132.160004,132.130005,132.869995,986500
28/12/2016,LUK,23.5,23.219999,23.17,23.540001,989600
28/12/2016,ITW,124.760002,122.639999,122.540001,125.010002,991900
28/12/2016,LMT,250.440002,249.580002,248.520004,251,997700
28/12/2016,PCG,60.73,60.080002,60.009998,60.73,998500
28/12/2016,TMO,142.559998,141.220001,141.110001,142.779999,999700
28/12/2016,MAC,68.93,69.010002,68.32,69.239998,1000700
28/12/2016,HCN,65.860001,65.400002,65.019997,65.940002,1007700
28/12/2016,CXO,136.710007,135.039993,133.860001,136.839996,1012400
28/12/2016,STZ,151.199997,152.389999,150.570007,152.580002,1019800
28/12/2016,CLX,121.650002,120.32,120.199997,122.349998,1019900
28/12/2016,NI,22.24,21.950001,21.9,22.280001,1020500
28/12/2016,BIIB,291.98999,289.25,288.5,292.109985,1020900
28/12/2016,PXD,184.669998,181.809998,181.039993,185.770004,1022400
28/12/2016,DLPH,68.709999,67.309998,67.260002,68.889999,1024400
28/12/2016,UDR,35.580002,35.490002,35.130001,35.580002,1030900
28/12/2016,NSC,109.410004,108.720001,108.620003,110.260002,1034300
28/12/2016,XRAY,58.880001,58.150002,58.09,59.310001,1034800
28/12/2016,TGNA,22.049999,21.74,21.719999,22.049999,1039300
28/12/2016,MON,105.75,105.199997,104.980003,105.800003,1039400
28/12/2016,XEL,40.720001,40.290001,40.25,40.73,1040900
28/12/2016,AET,125.959999,124.580002,124.519997,126.889999,1049500
28/12/2016,LLTC,62.689999,62.509998,62.450001,62.720001,1051500
28/12/2016,PRU,106.489998,104.959999,104.699997,106.879997,1053500
28/12/2016,ZION,44.029999,43.279999,43.18,44.029999,1055200
28/12/2016,EXPE,114.230003,113.470001,112.629997,114.769997,1057300
28/12/2016,QRVO,55.549999,54.700001,54.009998,55.75,1057900
28/12/2016,KLAC,80.959999,79.760002,79.720001,81.690002,1057900
28/12/2016,HP,80.099998,78.389999,78.300003,80.849998,1067000
28/12/2016,BWA,40.27,39.330002,39.220001,40.48,1070100
28/12/2016,SWKS,78.470001,77.029999,76.910004,78.599998,1070600
28/12/2016,CMS,41.740002,41.299999,41.220001,41.77,1071000
28/12/2016,XL,38.07,37.700001,37.599998,38.07,1075200
28/12/2016,OMC,86.790001,85.959999,85.919998,87.129997,1077800
28/12/2016,HAR,111.080002,111.150002,110.879997,111.260002,1079800
28/12/2016,WM,71,70.959999,70.900002,71.400002,1082800
28/12/2016,LRCX,109.900002,107.57,107.510002,110.349998,1090000
28/12/2016,CCI,87.690002,86.769997,86.68,87.879997,1101100
28/12/2016,AMT,106.5,105.839996,105.709999,106.599998,1101400
28/12/2016,PLD,52.040001,51.549999,51.34,52.220001,1103200
28/12/2016,IR,77.370003,75.910004,75.800003,77.790001,1117700
28/12/2016,DOV,76.300003,75.309998,75.18,76.739998,1117700
28/12/2016,GOOG,793.700012,785.049988,783.200012,794.22998,1132700
28/12/2016,PPG,96.339996,94.669998,94.589996,96.470001,1133300
28/12/2016,RTN,143.029999,141.820007,141.729996,143.479996,1143300
28/12/2016,VRTX,75.199997,74.589996,74.519997,75.5,1150300
28/12/2016,SEE,46.639999,45.709999,45.59,46.689999,1151900
28/12/2016,PBI,15.61,15.31,15.24,15.66,1155600
28/12/2016,EVHC,65.059998,64.610001,64.290001,65.730003,1162300
28/12/2016,URI,108.760002,106.209999,105.730003,109.550003,1166700
28/12/2016,STT,79.32,78.400002,78.25,79.440002,1174200
28/12/2016,A,46.509998,45.720001,45.68,46.700001,1177300
28/12/2016,MMC,68.389999,67.720001,67.720001,68.540001,1180500
28/12/2016,GD,174.699997,173.050003,172.940002,175.309998,1182500
28/12/2016,PNC,118.379997,117.059998,116.93,118.57,1184300
28/12/2016,EQR,63.389999,62.919998,62.509998,63.400002,1188500
28/12/2016,DISCA,28.120001,27.889999,27.799999,28.24,1191800
28/12/2016,ALXN,125.980003,123.730003,123.599998,125.980003,1194900
28/12/2016,PCAR,65.870003,64.959999,64.82,65.970001,1198600
28/12/2016,GOOGL,813.330017,804.570007,802.440002,813.330017,1199700
28/12/2016,ETN,68.529999,67.699997,67.660004,68.580002,1199700
28/12/2016,EL,78.089996,77.220001,77.18,78.269997,1204200
28/12/2016,VTR,61.669998,61.16,60.580002,61.669998,1211000
28/12/2016,LYB,87.370003,86.379997,85.93,87.699997,1226500
28/12/2016,ZTS,53.759998,53.439999,53.349998,53.849998,1241900
28/12/2016,LVLT,56.959999,56.900002,56.650002,57.220001,1254800
28/12/2016,MMM,178.880005,178.080002,178.020004,179.449997,1258400
28/12/2016,OKE,59.02,57.669998,57.639999,59.23,1275500
28/12/2016,COST,162.020004,161.009995,160.550003,162.850006,1281000
28/12/2016,HCA,74.410004,73.559998,73.209999,74.610001,1281400
28/12/2016,PAYX,61.84,61.34,61.290001,61.93,1286000
28/12/2016,SPG,176.410004,174.199997,173.110001,176.559998,1290100
28/12/2016,TSN,62.43,61.650002,61.470001,62.43,1291400
28/12/2016,EA,81.07,80.379997,79.970001,81.260002,1297400
28/12/2016,NEE,119.32,118.650002,118.470001,119.669998,1303300
28/12/2016,DG,74.809998,74.019997,73.75,75,1311900
28/12/2016,ZBH,102.839996,103.059998,102.839996,104.199997,1315600
28/12/2016,NUE,62.029999,60.919998,60.869999,62.549999,1340700
28/12/2016,PSX,87.730003,87.120003,87.029999,87.959999,1342000
28/12/2016,HOLX,40.290001,39.889999,39.77,40.290001,1345000
28/12/2016,ICE,57.310001,56.650002,56.619999,57.470001,1352000
28/12/2016,KHC,87.5,87.309998,87.029999,87.769997,1361400
28/12/2016,NFX,42.389999,41.66,41.549999,42.470001,1361700
28/12/2016,TRIP,47.23,46.849998,46.639999,47.650002,1363400
28/12/2016,FAST,48.419998,47.380001,47.27,48.43,1364900
28/12/2016,PGR,35.68,35.470001,35.450001,35.810001,1366900
28/12/2016,GT,32,31.200001,31.17,32.150002,1373200
28/12/2016,CHD,45.040001,44.150002,44.130001,45.119999,1379000
28/12/2016,NAVI,16.690001,16.450001,16.34,16.690001,1385100
28/12/2016,AVGO,182.639999,180.190002,179.839996,183,1387500
28/12/2016,LKQ,31.440001,30.879999,30.809999,31.450001,1396600
28/12/2016,URBN,28.459999,28.73,28.459999,28.92,1411100
28/12/2016,NTAP,36.68,35.830002,35.799999,36.810001,1427500
28/12/2016,NLSN,42.689999,42.240002,41.919998,42.830002,1446000
28/12/2016,MUR,32.849998,32.029999,31.889999,33.040001,1456200
28/12/2016,TSO,90.370003,88.690002,88.389999,90.5,1473300
28/12/2016,HES,64.449997,63.48,63.279999,64.910004,1490300
28/12/2016,UPS,116.18,115.199997,115.129997,116.279999,1497500
28/12/2016,AEP,63.09,62.389999,62.299999,63.119999,1501800
28/12/2016,BEN,40.220001,39.470001,39.459999,40.360001,1506600
28/12/2016,CAH,73.129997,72.550003,72.519997,73.690002,1514800
28/12/2016,FDX,190.830002,188.449997,188.020004,191.570007,1520600
28/12/2016,HRL,35.349998,34.849998,34.759998,35.369999,1522100
28/12/2016,PRGO,85.150002,82.839996,82.720001,85.18,1524100
28/12/2016,ADP,103.529999,103.050003,103.019997,103.879997,1541400
28/12/2016,MAR,84.410004,83.360001,83.309998,84.5,1545100
28/12/2016,FIS,76.599998,76.580002,76.120003,76.870003,1549000
28/12/2016,AFL,70.220001,69.800003,69.699997,70.290001,1569300
28/12/2016,ETFC,35.599998,34.84,34.82,35.66,1570300
28/12/2016,NWL,45.75,45.369999,45.299999,45.84,1588200
28/12/2016,CERN,48.290001,47.470001,47.369999,48.400002,1592900
28/12/2016,EW,93.199997,92.709999,92.169998,93.830002,1606500
28/12/2016,ALL,74.660004,74.349998,74.209999,74.699997,1610200
28/12/2016,UNH,162.160004,161.440002,161.320007,163.25,1622500
28/12/2016,DD,75.25,74.379997,74.220001,75.309998,1625200
28/12/2016,EMR,57.150002,56.299999,56.290001,57.299999,1653800
28/12/2016,MNST,45.630001,44.91,44.700001,45.630001,1655100
28/12/2016,DLTR,78.540001,77.669998,77.400002,79.169998,1667500
28/12/2016,JWN,49,48.41,48.169998,49.27,1668700
28/12/2016,CL,66.010002,65.610001,65.580002,66.239998,1671300
28/12/2016,WYNN,88.230003,87.080002,86.620003,88.669998,1671600
28/12/2016,DFS,72.940002,71.910004,71.57,72.970001,1677700
28/12/2016,KMX,64.610001,63.790001,63.549999,65.949997,1694100
28/12/2016,GIS,62.110001,61.889999,61.669998,62.5,1701700
28/12/2016,D,76.730003,76.330002,76.25,76.970001,1709800
28/12/2016,CNP,24.77,24.440001,24.41,24.809999,1722300
28/12/2016,ADBE,104.830002,103.769997,103.5,105.160004,1723500
28/12/2016,FSLR,34.099998,32.799999,32.709999,34.23,1736000
28/12/2016,MAS,32.380001,31.83,31.74,32.450001,1736400
28/12/2016,BAX,44.419998,44.189999,43.950001,44.439999,1745100
28/12/2016,TWX,96.760002,96.220001,96.150002,96.860001,1746700
28/12/2016,IBM,167.289993,166.190002,166,167.740005,1757500
28/12/2016,ADM,45.669998,45.34,45.25,45.779999,1764900
28/12/2016,JNPR,28.610001,28.43,28.299999,28.700001,1766000
28/12/2016,UNP,105.75,104.760002,104.589996,106.32,1766400
28/12/2016,SYY,56.169998,55.73,55.59,56.330002,1772800
28/12/2016,ACN,118,116.610001,116.089996,118,1773300
28/12/2016,O,56.52,56.09,55.700001,56.610001,1777000
28/12/2016,EIX,71.5,71.150002,71.040001,71.690002,1778800
28/12/2016,ROST,67.279999,66.519997,66.470001,67.589996,1793000
28/12/2016,DHR,78.580002,78.129997,78.059998,78.870003,1795000
28/12/2016,AMGN,148.630005,147.669998,147.360001,149.149994,1804000
28/12/2016,PEP,104.870003,104.620003,104.519997,105.099998,1806300
28/12/2016,BA,157.119995,156.100006,156.009995,157.350006,1810400
28/12/2016,YUM,64.059998,63.720001,63.619999,64.25,1820200
28/12/2016,ADI,74.540001,73.559998,73.529999,74.599998,1839000
28/12/2016,CELG,117.860001,117.290001,116.940002,118.470001,1851400
28/12/2016,UTX,111,110.190002,110.099998,111.089996,1864500
28/12/2016,DUK,77.540001,77.029999,76.900002,77.620003,1868400
28/12/2016,EOG,102.489998,101.650002,101.349998,102.830002,1896100
28/12/2016,SE,41.529999,41,41,41.689999,1915100
28/12/2016,STI,56.389999,55.48,55.41,56.470001,1926800
28/12/2016,UAL,75,73.529999,73.349998,75.18,1935400
28/12/2016,CCL,52.549999,52.189999,52.09,52.630001,1945000
28/12/2016,MCD,122.93,122.68,122.610001,123.349998,1947100
28/12/2016,VIAB,35.889999,35.52,35.459999,35.959999,1995100
28/12/2016,FOX,27.9,27.66,27.65,27.940001,1995300
28/12/2016,CAG,39.830002,39.540001,38.740002,39.93,1998700
28/12/2016,CBS,64.809998,64.5,64.449997,64.959999,2011400
28/12/2016,NWSA,11.91,11.69,11.67,11.92,2014700
28/12/2016,DHI,28,27.610001,27.48,28.030001,2030600
28/12/2016,PEG,43.779999,43.41,43.32,43.91,2040800
28/12/2016,NBL,39.310001,38.799999,38.700001,39.490002,2054200
28/12/2016,ESRX,69.75,69.5,69.290001,69.919998,2068600
28/12/2016,APC,71.709999,70.639999,70.440002,71.900002,2073800
28/12/2016,LEN,43.459999,43.16,42.970001,43.529999,2100800
28/12/2016,CTSH,56.82,56.150002,56.040001,57.040001,2129700
28/12/2016,XLNX,62.139999,60.630001,60.59,62.240002,2141000
28/12/2016,TJX,76.300003,75.309998,75.230003,76.379997,2164800
28/12/2016,PM,91.029999,90.940002,90.610001,91.32,2175000
28/12/2016,VFC,53.799999,53.810001,53.48,54.369999,2185000
28/12/2016,IPG,23.76,23.530001,23.52,23.9,2186900
28/12/2016,NOV,38.59,37.959999,37.93,38.93,2191500
28/12/2016,COF,89.989998,88.190002,87.839996,89.989998,2231800
28/12/2016,UAA,29.370001,29.42,29.049999,29.6,2237900
28/12/2016,KORS,43.060001,43.139999,41.950001,43.330002,2247500
28/12/2016,BHI,65.529999,64.709999,64.360001,65.720001,2255500
28/12/2016,RHT,70.269997,70.019997,69.629997,70.559998,2282900
28/12/2016,OXY,72.330002,71.870003,71.629997,72.529999,2343300
28/12/2016,BBBY,41,40.580002,40.32,41.389999,2356200
28/12/2016,DVN,47.009998,46.240002,46.060001,47.200001,2371100
28/12/2016,AIG,66.68,65.879997,65.870003,66.769997,2375700
28/12/2016,APA,66.410004,64.589996,64.339996,66.660004,2425000
28/12/2016,VLO,69.139999,68.669998,68.470001,69.330002,2471100
28/12/2016,SO,49.360001,48.900002,48.799999,49.439999,2482000
28/12/2016,HRB,23.51,23.290001,23.209999,23.559999,2502400
28/12/2016,AXP,75.029999,74.370003,74.150002,75.379997,2517300
28/12/2016,MA,104.699997,103.68,103.540001,104.779999,2552300
28/12/2016,FE,31.309999,30.84,30.82,31.389999,2558100
28/12/2016,HON,117.18,115.75,115.699997,117.370003,2569400
28/12/2016,FTI,35.700001,35.189999,35.09,35.869999,2570300
28/12/2016,WFM,31.700001,31.219999,31.030001,31.73,2573900
28/12/2016,STX,39.389999,38.790001,38.669998,39.560001,2580200
28/12/2016,AES,11.88,11.64,11.63,11.92,2588500
28/12/2016,KSS,50.049999,49.810001,49.52,50.450001,2589200
28/12/2016,WU,22.219999,21.73,21.690001,22.219999,2600600
28/12/2016,IVZ,31.27,30.35,30.33,31.299999,2633900
28/12/2016,MAT,27.879999,27.59,27.540001,27.889999,2635800
28/12/2016,MNK,51.77,49.689999,49.419998,52.099998,2643400
28/12/2016,TGT,73.75,72.830002,72.75,73.980003,2648500
28/12/2016,TXN,74.959999,74.050003,73.980003,75.050003,2683400
28/12/2016,GPS,22.690001,22.700001,22.43,22.879999,2687100
28/12/2016,CAT,94.599998,93.150002,92.82,94.900002,2700300
28/12/2016,SYMC,24.469999,24.15,24.09,24.469999,2715400
28/12/2016,BBT,47.73,47.200001,47.110001,47.759998,2716000
28/12/2016,ENDP,15.89,15.65,15.56,15.96,2725100
28/12/2016,DE,103.449997,103.410004,103.150002,104.330002,2745300
28/12/2016,NRG,12.66,12.43,12.42,12.7,2749100
28/12/2016,COTY,18.790001,18.49,18.43,18.790001,2778900
28/12/2016,CFG,36.48,36,35.880001,36.519001,2837800
28/12/2016,IP,54.599998,53.380001,53.209999,54.68,2901100
28/12/2016,FITB,27.629999,27.26,27.23,27.700001,2906600
28/12/2016,WY,30.51,29.889999,29.809999,30.549999,2913700
28/12/2016,GS,243.690002,240.649994,240.440002,244.5,3037000
28/12/2016,SPLS,9.31,9.1,9.09,9.39,3081300
28/12/2016,MET,54.610001,53.970001,53.93,54.91,3128900
28/12/2016,WDC,69.860001,69.209999,68.629997,71.160004,3147000
28/12/2016,LUV,50.529999,50.169998,50.07,50.959999,3161500
28/12/2016,JNJ,115.879997,115.099998,115.050003,116.160004,3170800
28/12/2016,PPL,34.279999,33.860001,33.779999,34.299999,3176400
28/12/2016,PYPL,39.759998,39.57,39.529999,40.029999,3237100
28/12/2016,MPC,51.07,50.330002,50.290001,51.150002,3240700
28/12/2016,ARNC,19.690001,19.25,19.23,19.860001,3243400
28/12/2016,LLY,73.660004,73.059998,72.970001,73.779999,3256800
28/12/2016,AMZN,776.25,772.130005,770.5,780,3279100
28/12/2016,DOW,58.59,57.900002,57.880001,58.73,3296300
28/12/2016,HD,135.570007,135.070007,134.660004,135.860001,3320500
28/12/2016,HBI,21.73,21.530001,21.440001,21.790001,3380800
28/12/2016,MOS,30.09,29.059999,29,30.379999,3384000
28/12/2016,CVS,79.300003,79.040001,78.639999,79.370003,3390700
28/12/2016,COH,34.66,35.139999,34.220001,35.200001,3392100
28/12/2016,EXC,35.459999,35.200001,35.119999,35.52,3460000
28/12/2016,PBCT,19.48,19.49,19.309999,19.540001,3462400
28/12/2016,CSX,36.82,36.52,36.5,37.009998,3483300
28/12/2016,BSX,21.77,21.620001,21.58,21.809999,3488600
28/12/2016,M,36.610001,36.279999,36.119999,36.93,3508300
28/12/2016,KIM,25.1,24.709999,24.610001,25.110001,3606300
28/12/2016,CF,32.110001,31.629999,31.280001,32.610001,3644000
28/12/2016,RAI,56.02,55.939999,55.790001,56.150002,3673300
28/12/2016,AGN,201.009995,204.059998,200.669998,205.119995,3706000
28/12/2016,HCP,29.4,29.01,28.799999,29.4,3728200
28/12/2016,SCHW,40.5,39.889999,39.849998,40.580002,3947500
28/12/2016,WBA,84.510002,83.589996,83.419998,84.839996,4003200
28/12/2016,JCI,42.529999,41.860001,41.790001,42.779999,4021600
28/12/2016,CVX,118.309998,117.910004,117.75,118.860001,4086700
28/12/2016,RRC,34.759998,34.32,33.990002,35.049999,4107900
28/12/2016,GGP,24.59,24.41,24.26,24.610001,4120100
28/12/2016,PHM,18.68,18.450001,18.360001,18.719999,4133100
28/12/2016,AAL,48.73,47.669998,47.610001,48.830002,4153600
28/12/2016,SLB,85.279999,84.629997,84.410004,85.480003,4222700
28/12/2016,LOW,72.449997,71.57,71.459999,72.470001,4227400
28/12/2016,COG,23.24,22.92,22.68,23.48,4232600
28/12/2016,BMY,59.290001,58.610001,58.540001,59.439999,4249100
28/12/2016,COP,51.470001,50.77,50.630001,51.740002,4275500
28/12/2016,CRM,69.849998,69.089996,68.849998,70.059998,4285300
28/12/2016,PG,84.400002,84.07,83.949997,84.629997,4298800
28/12/2016,NFLX,129.070007,125.889999,125.760002,129.070007,4366700
28/12/2016,YHOO,39.119999,38.73,38.709999,39.220001,4393500
28/12/2016,DAL,50.349998,49.509998,49.450001,50.459999,4432000
28/12/2016,BBY,44.990002,43.709999,43.119999,45,4623700
28/12/2016,CMCSA,70.860001,70.449997,70.349998,71,4624200
28/12/2016,HST,18.690001,18.57,18.440001,18.780001,4628500
28/12/2016,HAL,55.110001,54.299999,54.18,55.220001,4759700
28/12/2016,WMT,69.940002,69.309998,69.260002,70,4802900
28/12/2016,SYF,37.07,36.240002,36.200001,37.099998,4830700
28/12/2016,ATVI,36.66,36.43,36.220001,36.93,4899000
28/12/2016,KR,35.16,34.68,34.48,35.240002,4948800
28/12/2016,CTL,24.17,24.030001,23.950001,24.24,5045500
28/12/2016,GLW,24.98,24.450001,24.4,25.059999,5072500
28/12/2016,HPQ,15.18,14.94,14.93,15.31,5107400
28/12/2016,DIS,104.989998,104.300003,104.059998,105.32,5116200
28/12/2016,WMB,31.9,31.040001,31.01,32.209999,5154300
28/12/2016,ABBV,62.509998,62.27,62.25,62.75,5190400
28/12/2016,MO,67.57,67.510002,67.389999,67.75,5197600
28/12/2016,AMAT,33.549999,32.900002,32.880001,33.68,5297100
28/12/2016,MYL,37.689999,37.209999,36.900002,37.790001,5514800
28/12/2016,MDT,71.870003,71.809998,71.720001,72.489998,5527600
28/12/2016,SBUX,56.799999,56.349998,56.25,56.900002,5548700
28/12/2016,MRK,59.720001,59.27,59.209999,59.860001,6056600
28/12/2016,FOXA,28.52,28.450001,28.33,28.620001,6137900
28/12/2016,NEM,32.610001,32.779999,32.279999,32.869999,6141000
28/12/2016,BK,48.400002,47.650002,47.639999,48.52,6145300
28/12/2016,QCOM,66.650002,65.75,65.699997,67.07,6244100
28/12/2016,NKE,51.310001,51.02,50.869999,51.5,6255600
28/12/2016,GILD,73.610001,72.769997,72.620003,73.699997,6333000
28/12/2016,HBAN,13.56,13.25,13.21,13.56,6501000
28/12/2016,HPE,23.82,23.299999,23.290001,23.82,6529100
28/12/2016,XOM,90.68,90.300003,90.260002,91.110001,6745900
28/12/2016,ABT,38.630001,38.220001,38.080002,38.77,6828500
28/12/2016,VZ,53.630001,53.439999,53.369999,53.830002,6849500
28/12/2016,XRX,8.93,8.76,8.73,8.96,6959000
28/12/2016,KEY,18.540001,18.26,18.23,18.549999,7023000
28/12/2016,V,78.400002,78.300003,77.970001,78.650002,7412700
28/12/2016,RIG,15.22,14.91,14.86,15.53,7673800
28/12/2016,EBAY,30.24,30.01,29.93,30.25,8078000
28/12/2016,USB,52.119999,51.779999,51.779999,52.259998,8111900
28/12/2016,ORCL,38.869999,38.68,38.630001,38.919998,8264100
28/12/2016,MRO,18.110001,17.85,17.84,18.290001,8333800
28/12/2016,MDLZ,44.98,44.720001,44.639999,45.119999,8334300
28/12/2016,GM,35.740002,35.150002,35.130001,35.799999,8395400
28/12/2016,KO,41.490002,41.389999,41.389999,41.669998,8825600
28/12/2016,JPM,87.160004,86.5,86.349998,87.389999,9455600
28/12/2016,SWN,11,10.89,10.66,11.09,9491400
28/12/2016,WFC,55.98,55.32,55.27,56.080002,10609100
28/12/2016,T,42.650002,42.52,42.470001,42.82,11026900
28/12/2016,FB,118.190002,116.919998,116.650002,118.25,11980200
28/12/2016,CSCO,30.700001,30.42,30.35,30.77,12022200
28/12/2016,RF,14.65,14.43,14.35,14.66,12281800
28/12/2016,KMI,21.15,20.73,20.719999,21.440001,12503600
28/12/2016,INTC,37.099998,36.630001,36.580002,37.200001,12868600
28/12/2016,FTR,3.42,3.35,3.34,3.44,13382600
28/12/2016,PFE,32.5,32.349998,32.34,32.689999,13938800
28/12/2016,MSFT,63.400002,62.990002,62.830002,63.400002,14653300
28/12/2016,C,61,60.040001,59.98,61.200001,17127400
28/12/2016,FCX,13.97,13.57,13.51,14.02,18409700
28/12/2016,GE,31.84,31.700001,31.67,31.969999,18444400
28/12/2016,AAPL,117.519997,116.760002,116.199997,118.019997,20905900
28/12/2016,MU,23.4,22.780001,22.76,23.41,23960700
28/12/2016,F,12.37,12.25,12.22,12.45,26875400
28/12/2016,BAC,22.620001,22.33,22.26,22.67,52141300
28/12/2016,NVDA,119.599998,109.25,108.690002,119.93,57082600
28/12/2016,CHK,7.61,7.23,7.16,7.62,69280900
